feature label,population_proxy,total_family_households,insurance_rate,uninsured_rate,poverty_rate,housing_cost_burden_rate,bachelors_or_higher_rate,low_education_rate,some_college_or_higher_rate,married_household_share,single_parent_household_share,single_female_household_share,mh_provider_per_capita,health_workers_per_capita,female_provider_share,male_provider_share,mh_provider_share_of_health_workers,environmental_risk_index,Poor Mental Health Among Adults (2023)
"Council District 5, Austin, TX",96047.4967,22382.2697,0.8965333752420431,0.10346662475795687,0.10101371439491146,0.1693107780913149,0.4690093791897858,0.03617043045745512,0.6483051900300073,0.7818879244404779,0.21811207555952203,0.14715567921156808,0.002207241284613303,0.022530519527845225,0.7405660377358491,0.24056603773584906,0.09796672828096119,11.8838,16.1234
"Council District 6, Austin, TX",97237.0521,25400.396500000003,0.9255281855670324,0.07447181443296758,0.06130322105887864,0.14233819311764181,0.48259027280815725,0.02905228756929788,0.6252133984633621,0.8024843746041523,0.19751562539584763,0.12416877035758082,0.0009975621216924983,0.018244074266829814,0.7731958762886598,0.2268041237113402,0.05467869222096956,0.7176,14.5732
"Council District 7, Austin, TX",97170.1722,21568.1097,0.9035773346092721,0.09642266539072779,0.08579275935460368,0.1902892140804501,0.4947055790027714,0.031509306103709875,0.6615107243784426,0.7960410225472841,0.20395897745271577,0.13688093862022596,0.0012040731980919551,0.031110369895999836,0.7692307692307693,0.2222222222222222,0.0387032748924909,10.6234,15.9657
"Council District 10, Austin, TX",97999.609,25102.5521,0.9388833877898431,0.06111661221015688,0.05896361382421434,0.16402312890860615,0.5560080581545994,0.010910776184831513,0.6766899569976856,0.8528888941136786,0.1471111058863214,0.10876188560923253,0.006612271279572146,0.07399009112373091,0.7515432098765432,0.24845679012345678,0.08936698386429458,8.6406,13.7408
"Council District 1, Austin, TX",104666.274,23740.7967,0.8409466376915261,0.15905336230847386,0.1592544480947129,0.16399055057601458,0.34287792455476157,0.08444333749761647,0.5018164590439133,0.6619406500372417,0.33805934996275844,0.26087886932623455,0.0009649717730469702,0.00982169289794342,0.7524752475247525,0.24752475247524752,0.09824902723735408,20.23935,17.7182
"Council District 2, Austin, TX",99400.5176,23485.8141,0.8129384640145979,0.18706153598540215,0.12574942064486794,0.14301527138124276,0.2612427623817524,0.12301103651395875,0.4343811123172661,0.6648008935743045,0.3351991064256955,0.2304122640568802,0.0008148850927110262,0.008329936503268269,0.7037037037037037,0.2839506172839506,0.09782608695652174,11.5086,18.205
"Council District 3, Austin, TX",87601.2774,14670.526,0.8027778964784821,0.19722210352151784,0.17407385203266454,0.2137483716647264,0.38742024896545624,0.092785258859707,0.5167079892376089,0.5598136835720819,0.4401863164279181,0.2636259872345409,0.0013698430383847348,0.025250773340891944,0.7333333333333333,0.25833333333333336,0.054249547920433995,28.4681,18.9685
"Council District 4, Austin, TX",94707.2333,20424.211600000002,0.7569793784695007,0.2430206215304993,0.20311515213484752,0.1898305343061901,0.2759686329048322,0.12395623323524962,0.4159743097468353,0.6206429187210339,0.37935708127896595,0.2523815998851089,0.0015310340609432625,0.014919662952502277,0.7034482758620689,0.296551724137931,0.10261854210898796,29.70285,19.2139
"Council District 8, Austin, TX",94486.4723,25452.096400000002,0.9369252068055037,0.06307479319449627,0.05486776227119235,0.12542732215011482,0.5196789286840588,0.01878391326077691,0.6490793973689291,0.8438871110043414,0.1561128889956585,0.10113513085704011,0.0023177921100140386,0.022394740204519203,0.7625570776255708,0.2328767123287671,0.10349716446124764,4.63735,14.1056
"Council District 9, Austin, TX",97650.1051,13490.766099999999,0.9256552699808616,0.07434473001913851,0.16339038635607162,0.21067534314410075,0.493507572271932,0.015391836992503145,0.5688111389446934,0.8289713510042992,0.17102864899570086,0.11869738813424392,0.004229386128945395,0.06754729033056617,0.6682808716707022,0.33171912832929784,0.0626137052759248,23.36765,19.7536
"Austin, TX",974147.0,216221.0,0.8761182860492308,0.12388171395076923,0.11784155779363895,0.17072782649846482,0.43015889798972845,0.05580369287181503,0.5714281314832361,0.7497652864430374,0.25023471355696253,0.17080672090130006,0.0025530027808944645,0.032886207112478916,0.7310012062726177,0.26417370325693607,0.07763141465850917,14.86825,16.9
"Council District 6, Charlotte, NC",122270.79909999999,31147.564199999997,0.9071413405034334,0.09285865949656659,0.07415443316588254,0.12540439101456727,0.4714375306638525,0.042343859188861716,0.6009411097404042,0.7843512142114792,0.21564878578852084,0.15985130227293987,0.005921282966408617,0.050666226487432846,0.8287292817679558,0.1712707182320442,0.11686844229217111,11.2379,14.0413
"Council District 2, Charlotte, NC",127464.6372,27940.513,0.8633866170059596,0.13661338299404033,0.12755161711628046,0.1483416853125441,0.2517809386586478,0.07811724034781939,0.455092872613613,0.6064399891297629,0.3935600108702371,0.3111154652028043,0.001192487605495652,0.012489738604928144,0.8289473684210527,0.17105263157894737,0.09547738693467336,35.8237,17.3978
"Council District 3, Charlotte, NC",137948.813,29067.9487,0.8440758834220633,0.15592411657793678,0.1311369275790724,0.14079338326745877,0.2624224986988471,0.08890640037620332,0.4257989483389031,0.6099035086022426,0.39009649139775726,0.29636951643581233,0.0018412626718288616,0.015940695336030184,0.8031496062992126,0.1968503937007874,0.11550704865848113,28.173750000000002,17.3563
"Council District 4, Charlotte, NC",125481.4563,27580.9215,0.8953932342909858,0.10460676570901417,0.11509485963783797,0.15548434466169003,0.31010800836553565,0.03970635061875673,0.5136437295237225,0.6640897368131808,0.33591026318681916,0.2563724747195267,0.0023987608119591134,0.022441562945105856,0.8272425249169435,0.17275747508305647,0.10688920454545454,7.97585,17.2468
"Council District 5, Charlotte, NC",134636.4604,29872.213000000003,0.7973823092277312,0.20261769077226868,0.15171069143763674,0.14230724903994874,0.18973750441823112,0.1254199869027454,0.3681223210469962,0.584239088680842,0.415760911319158,0.29693465964506877,0.001507763939997341,0.009462518519983313,0.7832512315270936,0.21182266009852216,0.15934065934065933,30.51955,17.9792
"Council District 7, Charlotte, NC",123377.3616,33207.7206,0.9410628043451368,0.05893719565486315,0.045308308813762146,0.09558269075515714,0.4565686279029654,0.021923829176778244,0.5886600650082308,0.8202562930501167,0.17974370694988323,0.12103676878081177,0.0018641993718886594,0.02178681700711616,0.7521739130434782,0.24782608695652175,0.08556547619047619,2.88855,12.9921
"Council District 1, Charlotte, NC",126860.1143,25014.645099999998,0.8613537903772801,0.13864620962271984,0.1545759185872025,0.17306972345996063,0.3595839839157389,0.09139850901111793,0.5178771094643417,0.6260378405288669,0.3739621594711332,0.25975542223463327,0.005131636555682971,0.09457661351011411,0.728110599078341,0.271889400921659,0.05425904317386231,36.12995,17.4809
"Charlotte, NC",898934.0,204356.0,0.8715834532902305,0.12841654670976957,0.11530212451637162,0.13993240883090416,0.3253030812050718,0.07099520098249705,0.49336992482206704,0.6751551214547162,0.3248448785452837,0.23935191528509073,0.0029968829747233946,0.03510046343780522,0.7895322939866369,0.20861172976985895,0.08538015402655849,21.9507,16.4
"Council District 3, Delaware, OH",12736.0443,3154.6978000000004,0.9396186852145293,0.060381314785470715,0.06107331143626754,0.07407289718676623,0.31181142326899725,0.03796609752684356,0.4517490018466723,0.7924602476978935,0.20753975230210642,0.12450964399823018,0.001256277037290142,0.02025746722630354,0.5,0.5,0.06201550387596899,14.1078,14.9684
"Council District 5, Newark, OH",6636.0241,1661.4124000000002,0.9479816385838623,0.05201836141613772,0.0731530797183211,0.11337160454254529,0.3096303402514768,0.031447459631739436,0.4857915148319007,0.7876693348382376,0.21233066516176236,0.15274196821932953,0.00015069264139652537,0.018384502250376095,1.0,0.0,0.00819672131147541,39.490899999999996,15.5409
"Council District 6, Newark, OH",8449.5692,2109.5874,0.910896983955111,0.08910301604488902,0.09191895842453128,0.0869057324247963,0.17453564378169717,0.04438662979409648,0.3931976082283579,0.7339435664054498,0.2660564335945503,0.16776636037928555,0.00023669845795215217,0.009112890631157859,0.5,0.5,0.025974025974025976,43.5787,17.1343
"Council District 3, Grove, OH",10548.0534,3063.7823000000003,0.9842728137876132,0.015727186212386828,0.010287661228563744,0.07102208071870397,0.2870327808541432,0.0179219134404458,0.5091103065519179,0.8699597879392409,0.130040212060759,0.07737410063371669,0.00028441266708035433,0.009480422236011811,0.6666666666666666,0.3333333333333333,0.03,3.94155,15.3722
"Council District 3, Heath, OH",3900.3480999999997,1004.0723,0.9661506622960141,0.03384933770398597,0.07128927800059692,0.058203369078775304,0.18698131071942015,0.020570984420595694,0.3925419631134975,0.7539888312823688,0.24601116871763118,0.18418434608742817,,0.002820261094131573,,,,27.97275,16.5434
"Council District 2, Heath, OH",3476.3837000000003,1030.9389,0.9845631539464414,0.01543684605355847,0.08971432008497796,0.09925581574899227,0.17529313579510797,0.0652474869215386,0.41284105088860007,0.7770457589678689,0.222954241032131,0.16770799899004682,0.00028765524357970035,0.014670417422564717,1.0,0.0,0.0196078431372549,39.5924,17.2999
"Council District 4, Whitehall, OH",5610.0128,1251.4847,0.8157348232788345,0.1842651767211654,0.1166658835430821,0.20072660083770216,0.11159288264012517,0.08592563282565059,0.27488058494269385,0.641933217401699,0.35806678259830105,0.2786438379949831,0.0017825271272108327,0.05204979211455631,0.7,0.3,0.03424657534246575,51.36345,20.9258
"Council District 1, Newark, OH",6888.0445,1634.3505999999998,0.9253276020501899,0.07467239794981,0.30651234904187974,0.131425225258054,0.07262524218593536,0.08651616580003221,0.27198649776435097,0.5216621819088267,0.47833781809117343,0.35845723677649094,0.0008710745117863277,0.008710745117863277,1.0,0.0,0.1,121.22130000000001,22.4126
"Council District 4, Newark, OH",7898.1903,1808.2781,0.9401318552681618,0.05986814473183813,0.13511231807114094,0.07496089325677553,0.14220777891360759,0.048576140283679924,0.3433991708201814,0.7385345760699087,0.26146542393009126,0.17914589575574688,0.0007596676924839352,0.01101518154101706,0.5,0.5,0.06896551724137931,77.24025,19.3339
"Council District 3, Newark, OH",6973.711399999999,1646.6432,0.9544190343179387,0.04558096568206135,0.15619612535155958,0.0995965505541282,0.20663655510608026,0.024683470554861222,0.40503454157853447,0.6393461558642456,0.36065384413575446,0.22948620563337582,0.008890531374728242,0.1283391222642222,0.7741935483870968,0.22580645161290322,0.06927374301675977,59.48285,17.8098
"Council District 7, Newark, OH",6495.0921,1573.3081000000002,0.9422263465671256,0.05777365343287434,0.19098389690270906,0.097702925567445,0.09518100597834478,0.08896455833166707,0.26049481269095476,0.6197745374856964,0.38022546251430345,0.2747651270593471,0.0061584961974596175,0.027405308078695297,0.8,0.2,0.2247191011235955,93.40395000000001,20.1231
"Council District 2, Newark, OH",6163.7228000000005,1355.9796000000001,0.9006724150540968,0.09932758494590314,0.2674314133659612,0.14355264321750486,0.07171398103756384,0.10498867664846966,0.28250087755406517,0.48139920394082625,0.5186007960591736,0.3750316745178172,0.004380469543503806,0.07057423153422798,0.8518518518518519,0.14814814814814814,0.06206896551724138,121.3333,21.3685
"Council District 6, Lancaster, OH",7278.0746,1749.4397999999999,0.8984268037043753,0.10157319629562467,0.10091119428756612,0.15641206810383615,0.08022256325869483,0.08243409596268772,0.28285964532432795,0.6520826266785517,0.3479173733214484,0.18401684927940934,0.003160176456558992,0.007831741653211413,0.9130434782608695,0.08695652173913043,0.40350877192982454,99.9137,20.1605
"Council District 2, Lancaster, OH",7437.2037,1845.1826999999998,0.9611021814556457,0.03889781854435424,0.10963787370782918,0.07645826616259012,0.176022730155959,0.0349855013383592,0.36813523071850246,0.8204555028615866,0.1795444971384135,0.1090056285483275,0.0005378365527355396,0.029043173847719136,1.0,0.0,0.018518518518518517,43.93105,17.4177
"Council District 1, Lancaster, OH",6551.7748,1758.8881,0.9335392449691646,0.0664607550308353,0.12088896889435209,0.15181845078069534,0.10223135264050896,0.05027091285249914,0.33719092420575875,0.6714100231845335,0.32858997681546653,0.23658912696037915,0.00015263039871272742,0.019994582231367294,0.0,1.0,0.007633587786259542,63.638149999999996,18.4535
"Council District 5, Lancaster, OH",5971.100100000001,1527.0525,0.8589340513651748,0.14106594863482524,0.24019704509726775,0.15144865851436654,0.14498417134222885,0.07861809250191602,0.36274586989422597,0.5660369240743197,0.43396307592568034,0.3186331838623754,0.012895446184196442,0.09445495646606225,0.6623376623376623,0.33766233766233766,0.13652482269503546,96.22995,19.6966
"Council District 3, Lancaster, OH",6099.0443,1638.5686999999998,0.9341894106261861,0.06581058937381387,0.11324649666833868,0.13203681763715014,0.20036696569001805,0.0316853904471558,0.450604498806477,0.7329846469055585,0.2670153530944415,0.18926029772203024,0.008525925938921283,0.04771239323511718,0.7307692307692307,0.2692307692307692,0.17869415807560138,81.10985,18.7911
"Council District 4, Lancaster, OH",6889.3807,1754.0707,0.9274827416635576,0.07251725833644235,0.06487459750917815,0.1353249356651172,0.2364528933638404,0.04754978919948494,0.44688028344840924,0.765321888108615,0.23467811189138502,0.17760247634260126,0.013208734422239143,0.07591393519594584,0.8241758241758241,0.17582417582417584,0.1739961759082218,56.8152,17.0829
"Council District 2, Delaware, OH",11851.3439,3268.8347,0.9169666910096163,0.08303330899038378,0.07258799569557677,0.10179797415211284,0.3167079811092141,0.0385613229905513,0.4856320134292956,0.7163169492785915,0.2836830507214085,0.19288075349909864,0.0015188150940417821,0.021938440247270187,0.6666666666666666,0.3333333333333333,0.06923076923076923,13.48815,15.1624
"Council District 1, Delaware, OH",9249.8876,2504.7901,0.9462193356814412,0.05378066431855886,0.0956380486180178,0.10633400561537634,0.26465253480485534,0.03408082493888899,0.4431100222234051,0.7991295957293986,0.20087040427060135,0.16555071820189643,0.0002162188435673532,0.022702978574572083,1.0,0.0,0.009523809523809525,11.42385,16.5133
"Council District 4, Delaware, OH",9905.343700000001,2732.8848,0.9175228316408647,0.08247716835913527,0.07932218444878393,0.08460097149380086,0.3312845065638661,0.013597105166577913,0.5137440511024367,0.758528936162988,0.2414710638370121,0.11096633125552896,0.005047780421793944,0.030791460572943064,0.74,0.26,0.16393442622950818,30.199050000000003,17.0417
"Council District 4, Grove, OH",10605.3745,2938.2275,0.9636573889964942,0.03634261100350582,0.10665010462383955,0.11713991806701404,0.24234630281090025,0.05637108807425895,0.4649394700771764,0.6924286495855069,0.3075713504144931,0.1917579901488227,0.0013200853963242882,0.03535943025868629,0.9285714285714286,0.07142857142857142,0.037333333333333336,8.76605,16.8692
"Council District 1, Grove, OH",11246.0404,3168.0191,0.929662150244454,0.07033784975554595,0.07116643472132644,0.11402295869397731,0.2511908191259921,0.0585973263976537,0.4594837219329214,0.8061701395676559,0.193829860432344,0.14872025234948869,0.0006224412994283748,0.013249107659261121,1.0,0.0,0.04697986577181208,20.73345,18.297
"Council District 2, Grove, OH",10040.1251,2768.4205,0.9512227691266517,0.048777230873348384,0.06257386175397357,0.11186033927007542,0.18530004172955972,0.0513374081364783,0.42098525246463314,0.741635564394932,0.25836443560506794,0.12150675809545551,0.0032868116354446623,0.07141345280647948,0.8181818181818182,0.18181818181818182,0.04602510460251046,16.2271,17.8467
"Council District 1, Whitehall, OH",3226.476,822.3892000000001,0.9111021746326332,0.08889782536736675,0.22627411454478508,0.2467476280623194,0.07584748809537092,0.08778490836441988,0.2488066236971854,0.31401689127240484,0.6859831087275952,0.42277938474872967,0.019216011524647945,0.33287090931406277,0.6451612903225806,0.3548387096774194,0.05772811918063315,88.50185,21.7364
"Council District 3, Whitehall, OH",4951.781599999999,1267.0348,0.8534256236179721,0.14657437638202786,0.23921277141948263,0.1324845182994339,0.09176226592869122,0.1046718821363204,0.28611124529401705,0.615554600394559,0.384445399605441,0.21167816385153748,0.010097375861649473,0.10097375861649473,0.76,0.24,0.1,58.11445,20.6992
"Council District 2, Whitehall, OH",6136.7294,1457.0913,0.8359649196850687,0.16403508031493128,0.10818555890699694,0.15851464788393635,0.09237097858673711,0.06948453682836334,0.2487297875640402,0.2919907626927702,0.7080092373072298,0.3701818135898553,0.007821755999213522,0.029168631747067093,0.625,0.375,0.2681564245810056,90.00515,21.8074
"Council District 3, Marysville, OH",5730.0581,1560.224,0.9787957821928542,0.021204217807145796,0.0652296701843215,0.108056391260675,0.2708154739303603,0.09050967563487708,0.6313263909139072,0.7142655798141805,0.2857344201858195,0.24473492267776936,0.00122162810181628,0.025305153537622943,0.14285714285714285,0.8571428571428571,0.04827586206896552,19.956449999999997,19.0983
"Council District 4, Marysville, OH",6276.9886,1508.5529000000001,0.9474437949433269,0.052556205056673196,0.09827205994925657,0.09652341888911509,0.20156981008377173,0.03443166998901353,0.4551145910954817,0.7760482910476656,0.22395170895233435,0.11428190552681312,0.0012744964998024691,0.014975333872679011,1.0,0.0,0.0851063829787234,55.4721,17.9258
"Council District 2, Marysville, OH",5969.9386,1699.4813,0.9668743494279823,0.033125650572017606,0.09099631275939755,0.1077708738913998,0.23415018037203933,0.042666602969752485,0.4283857793780324,0.7850987827874305,0.21490121721256952,0.14387607560024346,0.0056952009523180015,0.07889528378064055,0.8529411764705882,0.14705882352941177,0.07218683651804671,44.4855,17.2293
"Council District 1, Marysville, OH",7119.9027,1848.0223,0.9733142420612012,0.0266857579387988,0.005352783823857593,0.02874751364228615,0.2953133474703243,0.0038813030408407128,0.4784406534094911,0.7388076972880684,0.26119230271193156,0.16428286606714648,,0.007724824666494389,,,,10.427499999999998,17.1
"Council District 4, Pataskala, OH",4593.1573,1319.6027,0.9594082702109941,0.04059172978900592,0.1101315210781046,0.11225169667061044,0.18513084670538063,0.04286439308316308,0.4195980616644677,0.6072355717368569,0.3927644282631432,0.34854233020287095,0.0004354303302436431,0.009579467265360148,1.0,0.0,0.045454545454545456,18.1855,17.8824
"Council District 3, Pataskala, OH",4744.096600000001,1291.6669,0.9704549017825648,0.029545098217435114,0.036933543891159375,0.066046146699458,0.22626554442420077,0.05728903159349663,0.4076546839286535,0.7623068300348952,0.23769316996510478,0.142604025852176,0.00042157657582267606,0.015176756729616337,1.0,0.0,0.027777777777777776,6.3218,15.88
"Council District 2, Pataskala, OH",4363.4855,1176.1837,0.9399562574460256,0.06004374255397434,0.006144652021875632,0.08694359131020374,0.2034493984224309,0.05559404288154504,0.40382746774339,0.9333898267762085,0.06661017322379148,0.06661017322379148,,0.007562761466721959,,,,24.03175,17.0
"Council District 1, Pataskala, OH",3961.6231000000002,1125.4574,0.9806305400430445,0.01936945995695552,0.0646202057939333,0.09337963018238661,0.1997668834271488,0.045320136587450724,0.46680089279568265,0.7913183564300168,0.2086816435699832,0.16482445270696164,0.0002524217914621913,0.013630776738958331,1.0,0.0,0.018518518518518517,13.69175,16.442
"Council District 1, Heath, OH",3242.4291999999996,809.5286,0.936207612490043,0.06379238750995704,0.08945493705768504,0.11453437441286306,0.13089010548017518,0.04011131530643754,0.4355779611163137,0.7241004209116267,0.27589957908837315,0.2138834872541872,0.0015420537170094573,0.029299020623179687,1.0,0.0,0.05263157894736842,66.15205,16.8025
"Council District 1, Circleville, OH",3577.9917,980.5845,0.9507486839614524,0.049251316038547543,0.06250676881111826,0.07515154381157452,0.2702056016507808,0.06940030073295027,0.4769513299877135,0.8881185660185328,0.11188143398146717,0.06856594204782963,0.003353836734724678,0.045276795918783155,0.6666666666666666,0.3333333333333333,0.07407407407407407,16.9018,17.0353
"Council District 4, Circleville, OH",3476.3427,779.5856,0.8730628024676623,0.12693719753233765,0.2025648967232143,0.10738889465644455,0.054823852665618955,0.06892997056935728,0.266692377595569,0.6159188933197329,0.38408110668026707,0.2884436295385651,0.004027220906615449,0.016108883626461797,0.42857142857142855,0.5714285714285714,0.25,67.7796,21.5347
"Council District 2, Circleville, OH",3458.8599,688.5764999999999,0.9023780061169867,0.0976219938830133,0.1534607111435765,0.14158009117397324,0.14552722994070966,0.06295288224885895,0.34810745008781646,0.6867396723530357,0.3132603276469645,0.17410904961177157,,0.012720954670641618,,,,22.5959,18.6898
"Council District 3, Circleville, OH",3294.0887,722.8502,0.9291297165130982,0.07087028348690186,0.25112808893093863,0.1134670417344864,0.1546329338369061,0.07566563098316084,0.34251224018345344,0.6756860550083544,0.32431394499164556,0.29082415692767327,0.018518019869956753,0.09775085898567334,0.819672131147541,0.18032786885245902,0.18944099378881987,47.41715,19.1198
"Council District 3, Dublin, OH",12167.0261,3666.7687,0.9733081118318634,0.026691888168136668,0.024302405334693907,0.07627088101668493,0.5139208586065251,0.014941013400143853,0.6108791859992806,0.9292515232826112,0.07074847671738879,0.03287916688063798,0.0007397041747120112,0.008136745921832124,0.8888888888888888,0.1111111111111111,0.09090909090909091,3.43675,12.3984
"Council District 2, Reynoldsburg, OH",10317.9864,2842.1104,0.9279698798595044,0.07203012014049563,0.10773005089442646,0.08064167442593256,0.19730904084153472,0.09731827132472282,0.4519592214232809,0.6791199947757132,0.32088000522428684,0.2222130780000664,0.0006784269457846931,0.013762375185918059,0.7142857142857143,0.2857142857142857,0.04929577464788732,60.4574,17.1235
"Council District 2, Dublin, OH",13428.8783,3628.0476,0.9589870585095704,0.04101294149042962,0.05475045521858665,0.08939322206829442,0.47899579222488003,0.020989988419211455,0.5833786653647759,0.8436608990466388,0.15633910095336126,0.09315051434275559,0.01146782304222684,0.25236657331238155,0.7792207792207793,0.22077922077922077,0.045441133077604015,9.3987,14.1428
"Council District 4, Reynoldsburg, OH",10195.5282,2207.2183,0.8043655845118451,0.19563441548815488,0.15472839357160525,0.1690594313691369,0.1883564698492031,0.055758660939214506,0.4139249009188165,0.4656786326934676,0.5343213673065325,0.43025513153818995,0.00706191955802741,0.029816993689449064,0.7083333333333334,0.2916666666666667,0.23684210526315788,107.81549999999999,19.8021
"Council District 1, Dublin, OH",12455.4894,3349.1921,0.9522465893632409,0.04775341063675908,0.04102422502964837,0.10200478352942118,0.4901317085139986,0.018134903635340094,0.5868266083547066,0.8686438439885248,0.13135615601147513,0.06563105173931348,0.00016057177167201476,0.02970577775932273,1.0,0.0,0.005405405405405406,5.8699,13.3086
"Council District 4, Dublin, OH",10195.3335,2973.282,0.9801180412587779,0.019881958741222148,0.015327002299630512,0.06237498753719042,0.5303040160481263,0.017572882731104383,0.6308939673233838,0.9156913807704752,0.08430861922952482,0.04831913017332362,0.00029425226747119157,0.007062054419308598,0.6666666666666666,0.3333333333333333,0.041666666666666664,2.14005,12.6274
"Council District 1, Gahanna, OH",9761.9629,2457.2945,0.976748108723093,0.023251891276907025,0.06803390945073147,0.05819531438702763,0.24516109357473584,0.04187131258202179,0.4604227291214147,0.6925900009136065,0.3074099990863936,0.2078112330451234,0.0002048768286140485,0.008604826801790037,0.0,1.0,0.023809523809523808,14.3378,17.1308
"Council District 2, Gahanna, OH",9316.6714,2447.8958000000002,0.9795924969512181,0.020407503048781993,0.08353720621723333,0.16089094867078818,0.34764350495392593,0.02650083805681931,0.5151071336486119,0.7112047824911502,0.2887952175088498,0.24937483041557565,0.0022540238995656754,0.06515202414458882,0.8095238095238095,0.19047619047619047,0.03459637561779242,6.09975,15.3809
"Council District 3, Gahanna, OH",8170.9181,2182.2192,0.9536476935192877,0.04635230648071237,0.06250478755869551,0.09686566311318186,0.36172811473902794,0.0190058568816153,0.5580550978720494,0.7436163608128825,0.2563836391871174,0.17981218385394096,0.0026924758920298074,0.0630284129270614,0.8181818181818182,0.13636363636363635,0.04271844660194175,9.8466,16.1067
"Council District 4, Gahanna, OH",7918.0985,2552.3583,0.9897471975121299,0.010252802487870036,0.0071012251236834195,0.07570904807511551,0.5045872566500658,0.013874139100441853,0.6350481873899396,0.9569099291427854,0.04309007085721468,0.015836412936224512,0.0003788788431970125,0.007451283916207913,1.0,0.0,0.05084745762711865,4.25895,13.6727
"Council District 1, Reynoldsburg, OH",11054.937100000001,2480.0330000000004,0.9446202819191074,0.05537971808089256,0.15127505338768502,0.13142123621852175,0.1549009265733407,0.06607543700994915,0.3938949051098626,0.5789868521910797,0.4210131478089202,0.36036661608938264,0.0015377744663965568,0.01655368984415117,0.6470588235294118,0.35294117647058826,0.09289617486338798,75.3192,18.7091
"Council District 3, Reynoldsburg, OH",10887.6963,2802.7938,0.9384265797347782,0.061573420265221765,0.09305592037867551,0.11117449152214137,0.28883811720574903,0.04928465905133669,0.4858534490900523,0.7755295448420072,0.22447045515799272,0.15509842358007214,0.0014695487051746658,0.017818278050242824,0.6875,0.3125,0.08247422680412371,37.11825,16.0449
"Columbus, OH Area",2150142.0,538970.0,0.923898049524171,0.07610195047582904,0.12097805633302358,0.11312694696443305,0.2728717452149672,0.05356250889476137,0.44972378568485244,0.7218249624283355,0.27817503757166445,0.1960498729057276,0.0021119535360920347,0.03505814964779071,0.7112970711297071,0.28782206562431184,0.06024144335367471,33.30515,17.8581
"Council District 8, Denver, CO",66148.5984,16009.2511,0.9012457458206703,0.09875425417932966,0.13215744870567053,0.13390631871649755,0.34919881386330326,0.08733746503690092,0.4849611779529405,0.707767329603569,0.29223267039643097,0.2000287946011416,0.0018292148726767278,0.02447519734598035,0.7355371900826446,0.256198347107438,0.07473749227918468,29.4885,15.6727
"Council District 11, Denver, CO",72063.4016,16900.7489,0.8623636370226521,0.137636362977348,0.08653449409193585,0.11481951332144721,0.16703330168638614,0.09835435106632548,0.3652408464715049,0.7130556859524728,0.28694431404752724,0.1992035276022591,0.00037467007385896144,0.005078861001199256,0.9259259259259259,0.07407407407407407,0.07377049180327869,7.95245,16.699
"Council District 9, Denver, CO",66906.687,12556.6554,0.9237117405021115,0.07628825949788845,0.13959195737789257,0.1547507007782346,0.4637475847518798,0.06369262611971804,0.5999726873339282,0.7139365630755463,0.28606343692445363,0.21669783181276123,0.003557193020183468,0.03096850394042078,0.6890756302521008,0.3025210084033613,0.11486486486486487,50.07905,16.1989
"Council District 3, Denver, CO",64069.4032,13665.7216,0.8251792581080262,0.17482074189197377,0.20013862404761715,0.16559895941094077,0.23907566537157943,0.15972057158166256,0.37032726410662115,0.5959964529059336,0.40400354709406633,0.2993621646733971,0.0030903986943958297,0.02431737962559951,0.7424242424242424,0.25252525252525254,0.12708600770218229,81.1007,18.0252
"Council District 2, Denver, CO",60155.0,14810.0,0.9051949131410523,0.09480508685894772,0.10022442024769346,0.13471864350428062,0.2500872745407697,0.09392402959022525,0.4389493807663536,0.6656988521269412,0.33430114787305876,0.23909520594193112,0.0011969079876984457,0.008261989859529549,0.6388888888888888,0.3611111111111111,0.1448692152917505,36.4238,15.3813
"Council District 7, Denver, CO",62692.3471,11646.017,0.9204017151879771,0.07959828481202294,0.09142783075033413,0.1645897813259571,0.5379643570562699,0.06870780883556998,0.6669623619818184,0.774283096100581,0.22571690389941904,0.15565003039236505,0.005519014935716133,0.0339913896763326,0.6994219653179191,0.2947976878612717,0.16236508681370249,44.1837,15.0794
"Council District 10, Denver, CO",63761.8882,9450.6406,0.9474610618573244,0.05253893814267564,0.11121031073857063,0.25421490105746275,0.6161345265807232,0.02827911391745767,0.7800670667717146,0.8282259934845051,0.17177400651549485,0.12175557707696555,0.010053027256492068,0.13473565859676032,0.7129485179407177,0.2823712948517941,0.07461296705854964,31.27405,15.3323
"Council District 6, Denver, CO",63189.9242,13923.3053,0.9315741321936891,0.0684258678063108,0.10436921524270479,0.17439117928234515,0.5121798547750117,0.015609713296665105,0.6414234977037684,0.8158627104154644,0.18413728958453565,0.1199208279947722,0.009036250750875248,0.04320309028001651,0.7565674255691769,0.24168126094570927,0.20915750915750916,25.943,14.7204
"Council District 5, Denver, CO",64197.8443,15828.3467,0.9353315061390621,0.06466849386093795,0.07861846071364113,0.1927561779516014,0.5278847127893358,0.027724655234256834,0.6767677072920033,0.7518191397715593,0.24818086022844066,0.18936527969784742,0.00682265899697819,0.07464425094410841,0.682648401826484,0.3150684931506849,0.09140233722871452,18.0867,13.4926
"Council District 4, Denver, CO",63661.199,14386.0674,0.9120861311455979,0.0879138688544022,0.10543535474410401,0.203978299246296,0.4296511286254599,0.03530913861675776,0.6072093505496182,0.7290883191608014,0.27091168083919864,0.18304889215241688,0.00529364833357914,0.0454436932612595,0.7210682492581603,0.27596439169139464,0.11648807466297961,12.4702,14.9871
"Council District 1, Denver, CO",64747.3101,12714.503300000002,0.9480578807860004,0.0519421192139996,0.07920715303970596,0.14839768918832658,0.5804673281709042,0.04490545314561261,0.7037187773457788,0.8231779687374811,0.1768220312625189,0.13195732152588294,0.004417171918930421,0.026163249058280182,0.7657342657342657,0.23076923076923078,0.16883116883116883,32.4951,14.8048
"Denver, CO",711647.0,151912.0,0.909730526511037,0.09026947348896293,0.11169442153202361,0.16682428226353796,0.42262245186166736,0.06610299769408147,0.5739699598255877,0.7334575280425509,0.26654247195744907,0.19001790510295435,0.005047446276032921,0.044212931411219326,0.7271714922048997,0.26865256124721604,0.11416221713704551,33.5686,15.5
"Council District 8, Indianapolis, IN",40571.4806,8387.1634,0.9088957527470664,0.09110424725293362,0.2558318022044283,0.1751041469263017,0.1756847320972555,0.09534906892207429,0.35413541205592575,0.4795450509525068,0.5204549490474932,0.4058196958461547,0.0018732370343910987,0.015996458359471357,0.8026315789473685,0.19736842105263158,0.11710323574730354,193.69635,20.1745
"Council District 6, Indianapolis, IN",38908.0523,8917.4804,0.9352652227210047,0.06473477727899528,0.12515376412198356,0.1359035851815178,0.24453186776455524,0.06763215695584945,0.4479027982595777,0.5829118951581884,0.4170881048418116,0.3597440259022044,0.0011051696874582436,0.025470306052816732,0.8604651162790697,0.13953488372093023,0.04339051463168517,105.07469999999999,17.0629
"Council District 3, Indianapolis, IN",37468.0828,9434.854599999999,0.9430980039362996,0.05690199606370038,0.07610823364573115,0.14069584846759225,0.4292143365285827,0.01568647382192718,0.5998107407833528,0.7555681568214099,0.24443184317859018,0.17672351834653607,0.008620670604475125,0.08868881863365585,0.6934984520123839,0.3065015479876161,0.09720132410472465,58.248999999999995,15.1885
"Council District 2, Indianapolis, IN",39467.5599,9630.2945,0.9402694033790522,0.05973059662094793,0.08538897283082353,0.13463488276101912,0.40384077050580464,0.03729971155374113,0.593037716527289,0.779392551286983,0.22060744871301705,0.16619068087689323,0.006587688741304729,0.04444156173941729,0.7538461538461538,0.24615384615384617,0.14823261117445838,77.22555,15.0733
"Council District 9, Indianapolis, IN",41382.5208,9538.3133,0.8830513171638399,0.11694868283616014,0.23482453732011413,0.1686678473197312,0.12930941848279093,0.10263252981920812,0.2886632198587574,0.45206636271844836,0.5479336372815516,0.48328906327704707,0.00031414229362267365,0.009883399853205656,0.9230769230769231,0.07692307692307693,0.03178484107579462,181.87735,20.669
"Council District 1, Indianapolis, IN",39138.0981,8923.8223,0.921189783108035,0.07881021689196491,0.11808832121047802,0.14599873467024704,0.3073703573756436,0.050211785840457074,0.5052486467143891,0.6420994398330859,0.3579005601669142,0.24092933809316217,0.0017374375174352174,0.09044895311353926,0.7794117647058824,0.22058823529411764,0.0192090395480226,84.7337,16.1418
"Council District 7, Indianapolis, IN",38126.4217,8371.915700000001,0.9668269576948,0.03317304230520012,0.0809002697465312,0.10421388955051085,0.4617139195100495,0.020837009207187153,0.5649871962676214,0.8095942127080902,0.19040578729190977,0.13417547909614044,0.0030425094941443193,0.022189336483155984,0.7672413793103449,0.23275862068965517,0.13711583924349882,77.47215,16.0723
"Council District 5, Indianapolis, IN",39560.6992,8831.7297,0.848121129770123,0.151878870229877,0.20807778847346556,0.14078894490317803,0.18935918604795537,0.08920312510553402,0.36834373746356835,0.5364482112716833,0.46355178872831676,0.3679931350254073,0.0008088835800960767,0.022522352183300134,0.78125,0.21875,0.03591470258136925,128.45285,19.6208
"Council District 4, Indianapolis, IN",36959.9071,9663.5559,0.9442323057137771,0.05576769428622293,0.04909843509860987,0.11246660032865723,0.41445467269586295,0.026514566103982444,0.5904868034692653,0.8015443259349284,0.19845567406507164,0.16323048330480502,0.005330099977442855,0.044128898798016736,0.817258883248731,0.18274111675126903,0.12078479460453709,42.24725,14.6458
"Council District 21, Indianapolis, IN",38649.943,9362.8778,0.9264592809360677,0.07354071906393238,0.17079574476992113,0.11962871200094655,0.13207675364488894,0.06997617046938465,0.33166302987820706,0.6845762635073588,0.3154237364926412,0.23353720370034095,0.0003880988905986226,0.006494188102683618,0.9333333333333333,0.06666666666666667,0.05976095617529881,74.85114999999999,19.8791
"Council District 11, Indianapolis, IN",37148.1518,8583.4375,0.8666411554827339,0.13335884451726612,0.14874592765069944,0.1272372344510555,0.14032139009402886,0.09642134336276725,0.3213847344082405,0.6077293858084246,0.39227061419157533,0.2938779364328103,0.0008614156680602344,0.00821036808619911,0.84375,0.15625,0.10491803278688525,119.6834,19.2958
"Council District 22, Indianapolis, IN",42728.4485,10784.4246,0.9177261163601576,0.08227388363984244,0.0881346019385656,0.09104812687032154,0.20115445333803778,0.08284649043599138,0.39774137130207293,0.7927982917141448,0.20720170828585513,0.15005097258503713,0.0010297588970495852,0.01752930486113953,0.6363636363636364,0.36363636363636365,0.05874499332443257,77.19785,17.0524
"Council District 12, Indianapolis, IN",38725.122,6454.1825,0.9036452022023326,0.09635479779766735,0.21760050233024442,0.18302914061833037,0.2780431653643337,0.06240643476862384,0.43468871189095276,0.5621617145161296,0.4378382854838703,0.32614774992805057,0.006998041219857228,0.20707488022891185,0.6125461254612546,0.3874538745387454,0.0337947374984412,159.5423,19.6479
"Council District 13, Indianapolis, IN",39143.7076,7174.3944,0.911020219760685,0.08897978023931488,0.22785738364753164,0.16762578463568945,0.30342898075398456,0.1067202612151129,0.4339732115718134,0.6111159709870424,0.3888840290129576,0.29506458412712855,0.0012517976197022277,0.01198149150286418,0.6326530612244898,0.3673469387755102,0.1044776119402985,145.1528,19.234
"Council District 14, Indianapolis, IN",38856.204600000005,9162.145700000001,0.9210750141046972,0.0789249858953028,0.15851104253244536,0.1352040003412994,0.19314700901075654,0.07746422819690423,0.3875492924494226,0.6189879844412428,0.38101201555875713,0.2747032826600869,0.004967031700260297,0.04578419375524906,0.8031088082901554,0.19689119170984457,0.10848791455874086,112.74135000000001,18.1672
"Council District 15, Indianapolis, IN",39074.958099999996,9391.159899999999,0.8602506524504757,0.1397493475495243,0.21118955211368484,0.15123778469259574,0.12147741752792822,0.083671475517206,0.3184937209184109,0.44422064414002793,0.5557793558599722,0.4134391216147859,0.0004606530851276844,0.005937306430534599,0.8333333333333334,0.16666666666666666,0.07758620689655173,132.26085,20.3082
"Council District 23, Indianapolis, IN",37290.0057,8366.356199999998,0.9044906528399914,0.09550934716000861,0.1691898668709509,0.145479200074244,0.13785251580157307,0.10763680306972975,0.303296572035654,0.6578829383334169,0.3421170616665832,0.2625429574705414,0.002735317361455914,0.027916327188976534,0.8137254901960784,0.18627450980392157,0.09798270893371758,101.19905,19.2238
"Council District 16, Indianapolis, IN",38941.1556,8815.574999999999,0.8743571698216374,0.12564283017836275,0.15700317840593309,0.13336766770218808,0.16959544980734984,0.08766069592449383,0.3673463044327323,0.6480139412346898,0.3519860587653103,0.23749712298970857,0.0005392752134967459,0.007524173216883169,0.7619047619047619,0.19047619047619047,0.07167235494880546,111.59870000000001,18.2614
"Council District 17, Indianapolis, IN",38030.7122,9614.0,0.8968589418107189,0.10314105818928103,0.22133997006766548,0.10506821116013704,0.09281485662001354,0.1451419361007917,0.22372687777327505,0.629498647805284,0.370501352194716,0.2649261493655086,0.002918693697248194,0.01738068949442393,0.8648648648648649,0.13513513513513514,0.16792738275340394,108.78790000000001,20.1389
"Council District 18, Indianapolis, IN",36947.4061,7470.9265000000005,0.9210484494607052,0.07895155053929483,0.2099853120676853,0.14508084506641455,0.23849552729494583,0.13725160532987998,0.386738331814855,0.6281200865782844,0.3718799134217155,0.2823537749969833,0.003816235424440256,0.14739871008157188,0.6737588652482269,0.3262411347517731,0.025890561880279103,133.4783,20.1507
"Council District 19, Indianapolis, IN",35395.902,8111.3764,0.8895703350065779,0.1104296649934221,0.22714193580940525,0.1598462754247653,0.11793442642032403,0.14472951981842416,0.29645749668987104,0.5805455039665032,0.4194544960334968,0.3487523399851103,0.00031077043890561116,0.00856031299894547,1.0,0.0,0.036303630363036306,121.8004,21.1957
"Council District 20, Indianapolis, IN",40390.2088,10310.2236,0.9404455740273371,0.05955442597266296,0.10911047085252999,0.10550849145399813,0.17164378214355752,0.07174547213531611,0.35567797807472584,0.6593013365878894,0.3406986634121107,0.22526936273234657,0.0006189618905857204,0.013889504824743566,0.6,0.4,0.044563279857397504,73.38705,18.0393
"Council District 24, Indianapolis, IN",35361.1573,9236.1256,0.9160916630972369,0.08390833690276307,0.0836427601876028,0.09968846523018068,0.22953355941209538,0.06841558321961369,0.4218312956629392,0.8151695555114582,0.18483044448854183,0.1239083734417817,0.00042419426131169074,0.012273353960618252,0.8666666666666667,0.13333333333333333,0.03456221198156682,56.00545,16.9958
"Council District 25, Indianapolis, IN",39288.6898,10313.2482,0.9568539977120847,0.04314600228791544,0.05889618390888667,0.0690679204069564,0.2859347577429268,0.052400568980032515,0.4621153668504364,0.8210623205984706,0.17893767940152938,0.13347568809601615,0.000610862823936674,0.0313576249620826,0.5,0.5,0.01948051948051948,33.61875,15.7706
"Indianapolis, IN",877514.0,202937.0,0.9117563936301871,0.0882436063698129,0.15672228591224754,0.13319901448865773,0.23088634483324483,0.07988704453718118,0.40565506647187394,0.6520348679639494,0.3479651320360506,0.261785677328432,0.002685997032525977,0.045530897512746235,0.745863385659737,0.2532880780653373,0.05899284176803324,106.4202,18.2
"Council District 10, Jacksonville, FL",62511.500700000004,14919.8684,0.8807756442167769,0.11922435578322309,0.30603757525853154,0.18204299804947732,0.10566381587444436,0.1066171652474822,0.32881551186308344,0.3670880367818794,0.6329119632181206,0.5292543129938063,0.0015037232980714538,0.01132591590462329,0.851063829787234,0.14893617021276595,0.1327683615819209,89.49415,21.6494
"Council District 11, Jacksonville, FL",79700.7592,19860.4457,0.8951664415261932,0.10483355847380686,0.09471367745766718,0.18047598472562607,0.3811838181335668,0.030925612563048203,0.5781288555153437,0.7213109572863211,0.2786890427136789,0.17839629349305086,0.002434104793320463,0.03593441303128766,0.7783505154639175,0.22164948453608246,0.06773743016759777,5.17675,16.413
"Council District 12, Jacksonville, FL",70256.203,18789.6344,0.8857518075663725,0.11424819243362754,0.09861531941884194,0.10776327038339946,0.1467846248394608,0.07542633352958174,0.3576488513049873,0.6833155997968753,0.3166844002031247,0.23332046311662136,0.0004697094148398541,0.00624855857923321,0.7878787878787878,0.21212121212121213,0.07517084282460136,59.0773,19.3179
"Council District 14, Jacksonville, FL",75599.39839999999,18586.012600000002,0.8834091132132608,0.1165908867867393,0.1471686671517217,0.151750937742912,0.17941083113169326,0.06250207805886455,0.42565512531909255,0.6312007665377348,0.368799233462265,0.2802319632560671,0.0007936571093137165,0.020251483905988334,0.7333333333333333,0.26666666666666666,0.039190071848465055,36.4251,19.6287
"Council District 2, Jacksonville, FL",69620.2506,18601.532799999997,0.9057932448752203,0.09420675512477975,0.07080308469903726,0.10654178110642998,0.27479124012231004,0.041238067591787726,0.48711343908894233,0.7546165389123203,0.24538346108767986,0.1793796691851115,0.0003590909223185129,0.0072536366308339605,0.8,0.2,0.04950495049504951,10.4193,17.2052
"Council District 3, Jacksonville, FL",77529.91900000001,18943.7742,0.9137753168554194,0.0862246831445806,0.08049217231866318,0.14165558460083003,0.3424927491540395,0.02875044665015063,0.5223363795852798,0.7978016439828554,0.20219835601714464,0.14513738239130827,0.0011995369168385174,0.06013162479893729,0.8279569892473119,0.17204301075268819,0.019948519948519948,5.2557,17.0087
"Council District 1, Jacksonville, FL",77305.7847,18769.889,0.860095349371701,0.13990465062829896,0.20646495164546205,0.16081083515603975,0.15909596348745167,0.08090505806611391,0.3684325695745767,0.5456686930860379,0.45433130691396206,0.3373581218301291,0.0012030147596445004,0.012534637656941084,0.8064516129032258,0.1935483870967742,0.09597523219814241,41.0415,20.4307
"Council District 13, Jacksonville, FL",67186.9656,18569.3253,0.9199114299634333,0.08008857003656675,0.07235005713667772,0.1468001436278587,0.3982639543405723,0.02948947585750174,0.5921424110274152,0.7968638095860165,0.20313619041398343,0.14504137099693115,0.0021283890219325518,0.023918329777941335,0.7482517482517482,0.2517482517482518,0.08898568761667704,26.9643,16.6749
"Council District 4, Jacksonville, FL",70371.6712,16446.303200000002,0.8698148439026983,0.13018515609730183,0.17547175005842408,0.16847455514172868,0.22866476418141396,0.06370987250335473,0.4242597509891168,0.6403884977628285,0.3596115022371714,0.2567578712765067,0.003040996417319701,0.04683702893217633,0.7383177570093458,0.2616822429906542,0.06492718446601942,29.6278,18.6139
"Council District 5, Jacksonville, FL",73783.9053,17649.7979,0.8894155443951541,0.11058445560484585,0.128014004701917,0.16178127806417425,0.2837061445160453,0.0656603209101213,0.4869493875922559,0.7127481046114414,0.2872518953885585,0.20034330818031632,0.007765921276059103,0.07208889226415073,0.7609075043630017,0.23909249563699825,0.10772701635645798,36.83915,17.4783
"Council District 6, Jacksonville, FL",71756.7008,20563.0916,0.9047282787003496,0.09527172129965038,0.07032176707878966,0.11186355295755179,0.31083853844071935,0.03691442569778793,0.5283396223255571,0.7804799157729765,0.21952008422702352,0.1480259077385037,0.0015468938616531266,0.02589305220677035,0.8648648648648649,0.13513513513513514,0.05974165769644779,5.31645,16.3546
"Council District 7, Jacksonville, FL",65745.9572,14292.4276,0.8934211866642349,0.10657881333576508,0.2108533815673156,0.17825446611643522,0.2919767757218082,0.09633872818570811,0.5002892497243921,0.6102869956115783,0.38971300438842177,0.30815709711903666,0.0038329352971987756,0.08170844609742786,0.7896825396825397,0.21031746031746032,0.04690990320178704,68.0978,19.9242
"Council District 8, Jacksonville, FL",70217.3502,17622.6097,0.8998583145052944,0.10014168549470555,0.12312103170193396,0.1357166294777099,0.16370670022805844,0.0679973694022991,0.37985688329207273,0.6354354258892768,0.36456457411072324,0.30607205129215337,0.0020080507110904907,0.01780186800612137,0.7730496453900709,0.22695035460992907,0.1128,23.94445,19.7792
"Council District 9, Jacksonville, FL",67770.057,16007.331999999999,0.8547937328723214,0.14520626712767853,0.22776907949184697,0.17135712605347225,0.10515402104501698,0.08841963789406286,0.30901743671249976,0.453921140637303,0.5460788593626972,0.3777169487082545,0.0018739839631535208,0.013796653586996393,0.7874015748031497,0.2125984251968504,0.1358288770053476,68.70885,21.5643
"Jacksonville, FL",954513.0,237108.0,0.8879355231411201,0.11206447685887987,0.1455454247349172,0.15105608828795417,0.23307592458143578,0.06280480202993569,0.4432700235617535,0.6529977900366077,0.3470022099633922,0.2577475243349022,0.0022398856799226412,0.033251511503772084,0.7811038353601497,0.2184284377923293,0.06736192066542739,34.84685,18.8
"Council District 21, Louisville, KY",30558.8791,6979.488300000001,0.9046469017903213,0.09535309820967877,0.21938962414364213,0.15313420314555976,0.14176840668216786,0.12032395193448049,0.3601147563033489,0.5701483588703773,0.42985164112962254,0.3419289348189035,0.0005563031269690779,0.012173221366617469,0.9411764705882353,0.058823529411764705,0.0456989247311828,69.43475,19.2132
"Council District 22, Louisville, KY",31337.1491,8324.9359,0.9420520675251853,0.057947932474814695,0.08178263414523564,0.10520510622965382,0.2363709275646903,0.0418670854777916,0.4621829622657027,0.7820144897452004,0.21798551025479967,0.15489140282749805,0.0009892412325408376,0.010977386580453167,0.9032258064516129,0.0967741935483871,0.09011627906976744,12.7696,15.2278
"Council District 23, Louisville, KY",31705.528,8325.3079,0.962265425764239,0.037734574235761036,0.07316097684921065,0.08470998180506567,0.20758950300401874,0.05287665292941975,0.45561082281928883,0.7645523716906615,0.23544762830933857,0.15648265693572727,0.00012616096473775805,0.004321013042268213,1.0,0.0,0.029197080291970802,16.95565,16.0778
"Council District 24, Louisville, KY",31329.8085,7932.9947,0.925307376200528,0.07469262379947199,0.16637040089153432,0.10160936987533772,0.17781703644948865,0.07127819501354438,0.3730534261005776,0.6178581463063375,0.3821418536936625,0.24913997484455647,0.0005745327169810183,0.015320872452827154,0.5,0.5,0.0375,23.35805,17.5135
"Council District 25, Louisville, KY",29027.5337,7929.094,0.9427522600723051,0.05724773992769493,0.13188172441946042,0.10711824959486654,0.14244013779234715,0.07864576521015287,0.34569173887480487,0.5936222473841274,0.4063777526158726,0.27748107160792895,0.0005512008069772735,0.006579959633291201,0.625,0.375,0.08376963350785341,31.2249,17.784
"Council District 1, Louisville, KY",27843.7151,6751.4405,0.9617251830018904,0.03827481699810956,0.2746915730365306,0.13344216052548247,0.06734218092900972,0.09777558024216389,0.27737213846150865,0.40295563591206945,0.5970443640879306,0.5046893177833679,0.00032323272837969815,0.005997762848823288,0.7777777777777778,0.2222222222222222,0.05389221556886228,69.75345,19.6697
"Council District 2, Louisville, KY",28911.2308,7223.0069,0.8943402506405919,0.10565974935940811,0.15875881700615804,0.13739517447316701,0.12548206007196344,0.10545417180924722,0.31612441072553715,0.5386066708589189,0.46139332914108117,0.3758841487469713,0.0013143681174583547,0.01099918582504623,0.6052631578947368,0.39473684210526316,0.11949685534591195,56.897,17.811
"Council District 3, Louisville, KY",27747.9906,6732.1187,0.9548105404072034,0.045189459592796605,0.1978081288524006,0.15668940726828703,0.09997284632206845,0.10629654386577456,0.32845708834858844,0.42220778133338616,0.5777922186666139,0.4257712657383774,0.0012613525968255157,0.01531642439002412,0.8571428571428571,0.14285714285714285,0.08235294117647059,85.33785,19.5207
"Council District 4, Louisville, KY",26783.302399999997,5005.1839,0.9429929074018893,0.05700709259811068,0.365838276910916,0.20187722257879598,0.2210180175541012,0.09410956731011634,0.4699937823948103,0.4016976079540254,0.5983023920459746,0.5033468001045875,0.016129452356106768,0.3276295009834187,0.6851851851851852,0.3148148148148148,0.04923076923076923,84.30035,20.1314
"Council District 5, Louisville, KY",26280.929600000003,6216.445299999999,0.9336105180997859,0.06638948190021406,0.32278656916306336,0.18055704544028,0.08767542986759494,0.12159691261453703,0.2813252541873556,0.3995033946490288,0.6004966053509713,0.4133588531696724,0.0008371088973960798,0.010578012430732281,0.7272727272727273,0.2727272727272727,0.07913669064748201,120.36185,20.9132
"Council District 6, Louisville, KY",27764.0167,4508.0257,0.9382100825490427,0.0617899174509573,0.28388948851194146,0.17596318114878529,0.2001587003799778,0.0692588043285538,0.3677691672041099,0.438568950483135,0.561431049516865,0.43802487638879256,0.002845409612507545,0.01429908374893032,0.6962025316455697,0.2911392405063291,0.19899244332493704,85.1967,22.4983
"Council District 7, Louisville, KY",29984.8734,7241.2194,0.9442546053904634,0.05574539460953669,0.07173411644285949,0.1366131697591226,0.40162977643253944,0.035909796437559746,0.6054014455168585,0.7451627691325027,0.25483723086749727,0.17202008821884335,0.00303486357224373,0.023211703805292704,0.6483516483516484,0.3516483516483517,0.1307471264367816,17.91055,14.1108
"Council District 8, Louisville, KY",31865.346599999997,7563.7773,0.9702418896645549,0.029758110335445093,0.07361206609313957,0.1102101993141352,0.48490272501853166,0.020528607713308226,0.6334870871920785,0.7928980272859171,0.20710197271408295,0.15644818099020444,0.00238503603786315,0.024572147600616403,0.7368421052631579,0.23684210526315788,0.0970625798212005,24.95375,13.7779
"Council District 9, Louisville, KY",27314.1694,6676.032700000001,0.9651971661272629,0.03480283387273713,0.06772104151920505,0.1285624010225257,0.4942451663933812,0.02244299253705295,0.6681718390455614,0.8165037148484907,0.1834962851515092,0.13197868248907768,0.004686212424237217,0.04781401114104535,0.6953125,0.3046875,0.09800918836140889,22.51385,13.7186
"Council District 10, Louisville, KY",29982.9198,7075.1673,0.8990498583797033,0.10095014162029678,0.09506263295944913,0.12581716274343635,0.26889678369482883,0.05148618981397536,0.48328151483098725,0.6459343229947367,0.3540656770052632,0.22664053470509454,0.003968926335186342,0.06033435075926128,0.7815126050420168,0.2184873949579832,0.06578220011055833,36.3885,15.7894
"Council District 11, Louisville, KY",29237.5977,7926.2922,0.9624408813860929,0.03755911861390719,0.05810055317916903,0.10664674409963579,0.3008310426270076,0.04104892311313251,0.538634588299298,0.7794581557313771,0.22054184426862283,0.14702002785110546,0.0021547597940989524,0.045762993722292034,0.746031746031746,0.25396825396825395,0.04708520179372197,12.40755,14.5192
"Council District 12, Louisville, KY",28308.6122,7265.766699999999,0.9482750800479015,0.05172491995209854,0.1520502089466611,0.10908391687247741,0.13625127126507458,0.06771016489462525,0.37345488098494634,0.6625090921237534,0.3374909078762466,0.27159069117922546,0.0010597481709117482,0.0189341673202899,0.7666666666666667,0.23333333333333334,0.055970149253731345,28.5579,17.4342
"Council District 13, Louisville, KY",32901.316,8400.475699999999,0.8788335913371976,0.12116640866280243,0.22563256132368686,0.13448250519827232,0.12253295278523206,0.09934399584502941,0.2944126003956803,0.5324143250601868,0.4675856749398133,0.30333948826255164,0.00015196960510637325,0.00477184560034012,1.0,0.0,0.03184713375796178,31.79535,19.3758
"Council District 14, Louisville, KY",33308.312900000004,8492.8602,0.951892856152435,0.04810714384756484,0.13507808136388677,0.08269622085842719,0.10689912187056462,0.0835302709072365,0.32312224375675297,0.6002164971466268,0.3997835028533733,0.2760638871696016,0.00018013521183175865,0.004563425366404553,1.0,0.0,0.039473684210526314,35.60815,18.2267
"Council District 15, Louisville, KY",26601.1762,5403.3792,0.926670182350809,0.07332981764919101,0.23220256704288134,0.15142993940245394,0.2077521068410501,0.10789621776198,0.39597778762880403,0.48551878424523676,0.5144812157547632,0.3448554748850497,0.0009398080675846205,0.03169032803895341,0.6,0.4,0.02965599051008304,66.5016,19.8532
"Council District 16, Louisville, KY",30252.041899999997,8804.3417,0.9802154379536279,0.01978456204637215,0.031221839607461343,0.09118153442726788,0.5510657976445551,0.008900797535917732,0.6894223692054321,0.8824867508265836,0.11751324917341632,0.059116537923556506,0.0009255573588240998,0.013288359223117434,0.8928571428571429,0.10714285714285714,0.06965174129353234,5.262,11.2157
"Council District 17, Louisville, KY",31024.168,7824.7056999999995,0.9495399618774628,0.05046003812253724,0.07795110895479937,0.13099672809920318,0.35695233793215664,0.02954133371118929,0.5545385197759373,0.7519823908520931,0.24801760914790702,0.19247775670336073,0.0025141689537008694,0.04396572375446136,0.7948717948717948,0.19230769230769232,0.05718475073313783,7.8652,13.7824
"Council District 18, Louisville, KY",31229.6791,8412.1431,0.9610763307523067,0.03892366924769329,0.05268985616954354,0.10969693249265568,0.4368276874161028,0.014874017709647231,0.6086587517961399,0.8640119305626174,0.13598806943738273,0.09788295208625256,0.0033301655027252585,0.06320910290749673,0.7403846153846154,0.25961538461538464,0.05268490374873354,8.55465,12.5506
"Council District 19, Louisville, KY",34409.874299999996,9497.550799999999,0.9610881868289767,0.038911813171023414,0.06631195685594236,0.10649589905651008,0.44390982561653825,0.014533011531518442,0.6078710958848229,0.8325425224364159,0.1674574775635841,0.11217533050731356,0.0016565012560943882,0.022086683414591843,0.7017543859649122,0.2982456140350877,0.075,4.49415,13.0228
"Council District 20, Louisville, KY",27540.574800000002,7657.889500000001,0.9754706100033903,0.024529389996609655,0.05491832363644058,0.08673845471082905,0.3275622518960642,0.022039746969986986,0.5315093314610122,0.8331373154444184,0.1668626845555815,0.10870492450955317,0.00047203081614694546,0.0061727106726908254,0.7692307692307693,0.23076923076923078,0.07647058823529412,5.3886,14.0679
"Council District 26, Louisville, KY",31596.2541,8417.356,0.9423288186557532,0.05767118134424675,0.10375197609263435,0.13778782719689547,0.33181787837312016,0.039680187911895544,0.5511953551481282,0.7155166301627257,0.28448336983727435,0.22099149661722756,0.004810696847763356,0.12175493929832651,0.75,0.24342105263157895,0.039511307512347285,19.97475,15.0132
"Louisville, KY",624975.0,153197.0,0.9399463978559143,0.06005360214408576,0.15709588383535342,0.12616344653786152,0.23401896075843034,0.06747309892395696,0.4348877955118205,0.6422906453781732,0.3577093546218268,0.25933275455785687,0.002732909316372655,0.04631545261810473,0.7218969555035128,0.27459016393442626,0.05900642575830858,40.7765,16.2
"Council District 1, Miami, FL",88044.8005,20148.642200000002,0.8098605902344,0.19013940976559998,0.2448370929070366,0.2325245861622459,0.17807145238519792,0.20850235329910255,0.3338049099219664,0.5425132667252386,0.4574867332747613,0.32563625056580736,0.003316493402696733,0.11970042455829065,0.6575342465753424,0.3424657534246575,0.027706613530695513,214.1178,15.7308
"Council District 5, Miami, FL",95734.7822,20781.6553,0.8106971135930574,0.18930288640694268,0.2570239147627162,0.23022784920484207,0.19077027575877223,0.14867873695334943,0.3562232431756657,0.4552959022470169,0.5447040977529832,0.39257153399132744,0.00189063990997412,0.014655070683390555,0.7403314917127072,0.2596685082872928,0.12900926585887385,221.98565,18.5032
"Council District 2, Miami, FL",89220.3437,19313.4118,0.8982687891169825,0.10173121088301748,0.09168085394855972,0.23101873233424902,0.5791530076788978,0.026801739388502267,0.6944780588196726,0.7724478230200631,0.2275521769799368,0.12298688210024082,0.0019390196543257656,0.023671731271306458,0.7341040462427746,0.26011560693641617,0.08191287878787878,91.8518,13.0403
"Council District 4, Miami, FL",90206.8376,21637.5111,0.8780146173753021,0.12198538262469807,0.14272543016184838,0.19183962502638494,0.28639559136922904,0.12739836586400852,0.4319009471627903,0.6116245966940255,0.38837540330597453,0.2710584213172281,0.002117356123789002,0.030806977319422182,0.743455497382199,0.25654450261780104,0.06872975890608132,199.7881,13.2431
"Council District 3, Miami, FL",89277.7185,21194.533,0.7872852619996108,0.2127147380003892,0.23258914596927116,0.2506158633522876,0.21089345489938793,0.2127495115144547,0.3423997590171393,0.5438909458396654,0.4561090541603347,0.301204782384212,0.0023074066347248783,0.025359070975811283,0.7524271844660194,0.24757281553398058,0.09098939929328621,217.19965000000002,15.3282
"Miami, FL",454205.0,103568.0,0.8366200284012726,0.16337997159872744,0.1933884479475127,0.22699441881969595,0.28843363679395867,0.1444942261754054,0.43151000099074205,0.5840896802101035,0.4159103197898965,0.28358180132859573,0.005563567111766713,0.12741163131185257,0.7617728531855956,0.2370399683419074,0.043666084912996145,189.6902,15.0
"Council District 3, Nashville, TN",22813.665699999998,5918.293,0.8821523232892818,0.11784767671071818,0.18715884839147093,0.19118593904880446,0.22083416432283393,0.06996576179337985,0.4231439711155231,0.5734880986798052,0.42651190132019484,0.3502460084352025,0.0006136672722437588,0.007232507137158586,1.0,0.0,0.08484848484848485,36.86105,21.1504
"Council District 13, Nashville, TN",19971.7769,4395.8779,0.7842130361470241,0.2157869638529759,0.1921582050117934,0.17535811247721278,0.2426300586203724,0.10540778672527631,0.4162189244162846,0.5952599365874106,0.4047400634125893,0.1927338336672181,0.001752473011051911,0.011315968585649481,0.8571428571428571,0.08571428571428572,0.15486725663716813,28.5506,21.1753
"Council District 24, Nashville, TN",18159.1371,4217.1813,0.9618040495988104,0.03819595040118949,0.06665641617959919,0.17212821748011364,0.6129850410127693,0.011621284581853839,0.7344922408234915,0.8899318129860815,0.11006818701391852,0.07700570046632807,0.001486854791134321,0.07500356390833131,0.6296296296296297,0.37037037037037035,0.019823788546255508,16.7019,16.2037
"Council District 14, Nashville, TN",19195.3919,4669.8175,0.9014235494717876,0.09857645052821246,0.1324444852829496,0.17813544093361283,0.2966809185073216,0.045398744893559585,0.5417283144919798,0.6390141584762145,0.3609858415237855,0.22446393247701862,0.0014065875883471804,0.038915589944271994,0.5185185185185185,0.48148148148148145,0.03614457831325301,11.3195,19.0471
"Council District 15, Nashville, TN",20484.0199,4860.580099999999,0.8802396349946917,0.11976036500530836,0.08791366678959339,0.18187410567786064,0.3327286017721551,0.06292250770562863,0.5182689800062145,0.7257796039612638,0.27422039603873627,0.1971617749906025,0.0010251893965402758,0.03026749646928433,0.7142857142857143,0.2857142857142857,0.03387096774193549,29.79045,18.6118
"Council District 16, Nashville, TN",18560.4316,3806.0105,0.8067769609409299,0.19322303905907015,0.19441263962848795,0.1587298972077783,0.26699720711236047,0.11708684619165861,0.4238942536228522,0.582363527373348,0.417636472626652,0.21109266514109723,0.002262878412805875,0.015031978027924739,0.8333333333333334,0.16666666666666666,0.15053763440860216,51.0146,20.8047
"Council District 17, Nashville, TN",21058.4443,4010.4137,0.8777867413501196,0.12221325864988042,0.2782827504498991,0.20295853478597184,0.3583973199767658,0.07980729611636125,0.46715268040954006,0.5062736046408379,0.4937263953591621,0.3793086483820859,0.008120257962265523,0.036232496053851426,0.8187134502923976,0.18128654970760233,0.22411533420707733,45.433,23.1416
"Council District 19, Nashville, TN",21783.443,2915.2291999999998,0.9104445518552783,0.08955544814472166,0.14967761524199827,0.3175028116537868,0.6267355624177501,0.03316435331182495,0.7394616590224052,0.8184530053417413,0.18154699465825877,0.1403066352381487,0.00927309792120557,0.11797951315593225,0.7673267326732673,0.23267326732673269,0.07859922178988327,15.0365,18.9224
"Council District 1, Nashville, TN",19205.740400000002,5673.7433,0.923901538312993,0.07609846168700686,0.09903083455194467,0.11135045853269994,0.25673483538286285,0.04236704147058032,0.5061766741364472,0.6192902488203864,0.38070975117961364,0.30048601247081447,0.00031240659693598685,0.005362979914067775,0.8333333333333334,0.16666666666666666,0.05825242718446602,31.17065,18.8736
"Council District 7, Nashville, TN",22663.7811,5249.450000000001,0.8767072631141852,0.12329273688581469,0.10757270330324537,0.1666792395907848,0.4119110336800773,0.0435394648247816,0.5755670045718894,0.7600818752440731,0.23991812475592678,0.16935976149882367,0.0007942187546101917,0.010280720545787481,0.6111111111111112,0.3888888888888889,0.07725321888412018,36.3768,18.8915
"Council District 10, Nashville, TN",20712.8985,5373.2767,0.9103481436941334,0.08965185630586661,0.1250183744201711,0.2030367164692088,0.20693526789599243,0.06751415790503681,0.40795797362691655,0.5729735265634096,0.42702647343659034,0.3569869573253132,0.0015449310486410196,0.02800187525661848,0.65625,0.34375,0.05517241379310345,24.6229,20.1197
"Council District 31, Nashville, TN",19335.671599999998,4570.1767,0.8331512363914994,0.1668487636085007,0.06570491195144212,0.14699151696391038,0.36761706275565836,0.05660548144601299,0.5094924088388013,0.7800766434260628,0.2199233565739373,0.16274716467746206,0.0006206145950472184,0.008843757979422863,0.8333333333333334,0.16666666666666666,0.07017543859649122,5.4313,18.5535
"Council District 32, Nashville, TN",22388.3871,5542.0805,0.8473922179056838,0.15260778209431622,0.16383361086337478,0.20203933315053318,0.2092457611651712,0.05396528095585769,0.39894057397283433,0.5432551908980752,0.4567448091019248,0.35072924328688476,0.0004913261482780061,0.012595815801308885,0.9090909090909091,0.09090909090909091,0.03900709219858156,6.0427,22.1301
"Council District 33, Nashville, TN",23193.6414,5383.1415,0.8528591073241306,0.14714089267586933,0.07998105894661284,0.1493082108271278,0.277594302203879,0.07318796004149655,0.42475339814471735,0.7143700383874361,0.285629961612564,0.19333415255757258,8.623053040735552e-05,0.002543800647016988,1.0,0.0,0.03389830508474576,5.6928,19.9571
"Council District 11, Nashville, TN",19540.188000000002,5276.5948,0.8966440189828265,0.10335598101717342,0.12404453836370458,0.14038396662304375,0.26734740730232476,0.04983041616590382,0.5044079770368637,0.6688921991887647,0.33110780081123536,0.21506394616467422,0.00046058922258066296,0.010593552119355247,0.5555555555555556,0.4444444444444444,0.043478260869565216,19.92025,17.8063
"Council District 2, Nashville, TN",22512.2255,5380.1810000000005,0.8655001301403986,0.13449986985960138,0.2806336494808121,0.18496143795290254,0.2166825576618358,0.11024979294028484,0.36975207093585666,0.3841757554253286,0.6158242445746713,0.5474009517523666,0.006485365029770158,0.03913429172073636,0.7808219178082192,0.21232876712328766,0.16572077185017026,49.18725,21.6817
"Council District 21, Nashville, TN",20197.0526,3324.47,0.8747540173262707,0.12524598267372936,0.20739198352139757,0.2187345741724711,0.26521902012573856,0.06805628163784651,0.4143829629873817,0.45726612061471456,0.5427338793852854,0.44985444296384086,0.007228777529648064,0.193146994131213,0.6027397260273972,0.3972602739726027,0.03742630094847475,67.32035,24.3146
"Council District 23, Nashville, TN",19640.9251,5235.347500000001,0.960341537069453,0.03965846293054699,0.06999131624406021,0.15182789429811533,0.5262926642900339,0.01620216962183721,0.6599725641232651,0.8640684118866989,0.13593158811330094,0.09131800706638861,0.001425594764882027,0.012779438785192455,0.8571428571428571,0.14285714285714285,0.11155378486055777,7.8773,15.7995
"Council District 25, Nashville, TN",19498.9272,5003.884000000001,0.9710372425001926,0.02896275749980748,0.04985174774128087,0.10491183330332143,0.569124305464354,0.011191292616344557,0.6464963159614238,0.9199643716760819,0.08003562832391797,0.07123866180750792,0.003692510837211598,0.03261717906203578,0.7777777777777778,0.2222222222222222,0.11320754716981132,13.41365,15.7033
"Council District 26, Nashville, TN",17845.8649,4195.328799999999,0.9040102505763113,0.09598974942368861,0.07679367784522452,0.1642388876316104,0.5203064828760415,0.032415335610884284,0.6610057717068114,0.8058977403630438,0.19410225963695626,0.1405288186232269,0.005827680562571109,0.08517379283757774,0.7980769230769231,0.20192307692307693,0.06842105263157895,16.2298,17.4607
"Council District 28, Nashville, TN",20879.4445,4799.9711,0.7155088776427936,0.28449112235720636,0.19876725647562127,0.10588714656656692,0.12433289592546391,0.1855239491644521,0.267501144486866,0.6745411029662242,0.3254588970337759,0.19220326139046964,0.008908282976589726,0.033573690142953756,0.8118279569892473,0.1881720430107527,0.2653352353780314,22.9734,22.2744
"Council District 4, Nashville, TN",19800.596599999997,5659.8185,0.9172951738231969,0.08270482617680319,0.07462626151375663,0.1305768534267296,0.46923551283298204,0.03743251857370804,0.6169444763093654,0.8322638791332265,0.16773612086677336,0.12073047925476761,0.00045453175890669887,0.008939124591831745,0.7777777777777778,0.2222222222222222,0.05084745762711865,8.12495,16.4341
"Council District 34, Nashville, TN",18149.0716,5109.6951,0.9797988179185982,0.020201182081401894,0.04997625333077644,0.1471596927305086,0.5894863073877564,0.015260102891433853,0.6807194258906335,0.8880977653637299,0.11190223463627018,0.09341283396733398,0.003030458042823524,0.026723130013989255,0.6363636363636364,0.36363636363636365,0.1134020618556701,7.60045,14.1566
"Council District 35, Nashville, TN",20041.4075,5656.9421999999995,0.9524949283127944,0.0475050716872056,0.051972327791847954,0.09297824516566514,0.4660980871727696,0.02666494855713103,0.623952184994991,0.8613715197585015,0.13862848024149868,0.11014984385026952,0.000498966951298206,0.012374380392195508,0.6,0.4,0.04032258064516129,6.983549999999999,16.114
"Council District 18, Nashville, TN",19356.536399999997,2425.9405,0.9389368854233654,0.0610631145766347,0.06696457843563378,0.10335904413146974,0.3736721772186475,0.023020022321762073,0.41771162117619354,0.8695880628564469,0.13041193714355317,0.10822689179722256,0.017616788094382427,0.6968188792288275,0.6510263929618768,0.3460410557184751,0.025281731909845787,19.1571,21.3927
"Council District 5, Nashville, TN",22741.7467,4671.9436000000005,0.8437997816588115,0.15620021834118838,0.18903554580528328,0.16362197456011593,0.30994518991806375,0.0630646809552232,0.4662034952662629,0.5414917894128688,0.45850821058713115,0.349720189259134,0.0014950478715867503,0.032363389220230826,0.8529411764705882,0.14705882352941177,0.04619565217391304,54.63905,21.3448
"Council District 9, Nashville, TN",20178.4193,4706.1825,0.756718272773725,0.2432817272262748,0.18060759595772696,0.1983503286602831,0.14014459497330398,0.1305515343315321,0.32407989955883215,0.5810976943626814,0.41890230563731856,0.292120418194577,0.0016849684553834202,0.03092412694586042,0.7352941176470589,0.2647058823529412,0.05448717948717949,42.9974,21.7941
"Council District 12, Nashville, TN",19747.5317,5207.2600999999995,0.8898006782285606,0.11019932177143942,0.13033157961711234,0.17171220948084362,0.3257279440143904,0.039679637531611106,0.515047133713425,0.6945366143703865,0.3054633856296136,0.23663742089625986,0.00020255696057447018,0.006532461978526663,0.75,0.25,0.031007751937984496,3.80595,18.4971
"Council District 20, Nashville, TN",18553.015,4252.338299999999,0.8988326371751438,0.10116736282485622,0.12462370132293861,0.18276889227977233,0.46911491744064243,0.07769809920382213,0.5790936405753998,0.6853421798543169,0.3146578201456832,0.17589757616415422,0.0030722769318086577,0.02209883407090438,0.7719298245614035,0.21052631578947367,0.13902439024390245,26.3088,19.6675
"Council District 30, Nashville, TN",19740.0052,4138.1597,0.7344995532220022,0.26550044677799783,0.17029523376214714,0.15636847451286387,0.12590378142352263,0.15361131718445545,0.23854756127419863,0.5671931897650059,0.43280681023499407,0.2540059534193424,0.00035460983566508886,0.019047614030010488,1.0,0.0,0.018617021276595744,45.411,22.3511
"Council District 22, Nashville, TN",18713.2607,4843.6592,0.9376692165679069,0.06233078343209316,0.072273957044803,0.18145707231022545,0.4734752826908461,0.015416356594658034,0.6640354612277699,0.6986848290234788,0.3013151709765212,0.21889603628595505,0.0010687608279833349,0.015176403757363356,0.7,0.3,0.07042253521126761,5.9515,16.8222
"Council District 6, Nashville, TN",21537.0152,4936.275,0.9304671243394952,0.06953287566050471,0.12492205976620195,0.12678601350478685,0.4759561343486446,0.028658558034541384,0.6058528574563109,0.7240389159842189,0.2759610840157811,0.21051440610581865,0.0012536556133368006,0.024469500304759036,0.8148148148148148,0.18518518518518517,0.051233396584440226,38.129,19.5717
"Council District 8, Nashville, TN",23566.997799999997,6139.712,0.8570329479981537,0.14296705200184642,0.15178302855359882,0.11005062766204358,0.16751571980033877,0.07408857143441495,0.38300070193921776,0.6844779852866062,0.3155220147133937,0.23729679828630396,8.48644369967226e-05,0.004200789631337769,1.0,0.0,0.020202020202020204,20.12775,21.6417
"Council District 27, Nashville, TN",17434.0714,4023.6768,0.768384641352335,0.23161535864766505,0.251650053469438,0.1647231409181908,0.21990285069040155,0.10484399530450471,0.4048862160791656,0.6289023263498698,0.3710976736501301,0.20811035319735421,0.00017207684488432232,0.007628740123204956,1.0,0.0,0.022556390977443608,17.30295,21.158
"Council District 29, Nashville, TN",20812.909499999998,5510.4807,0.799852437738222,0.200147562261778,0.14010055153509413,0.15750224638222735,0.22198719501470954,0.08871991683815279,0.3787977216736565,0.5742995343400803,0.4257004656599196,0.24792766264474891,4.804710268883839e-05,0.0046125218581284854,0.0,1.0,0.010416666666666666,14.28925,19.7907
"Nashville, TN",684865.0,160002.0,0.872329583202529,0.12767041679747104,0.1380607857022917,0.16428639220868346,0.3366064844896439,0.0647645886415571,0.49561154388091083,0.680435244559443,0.319564755440557,0.22671591605104935,0.0027479868295211467,0.049148372306951,0.742826780021254,0.25239107332624866,0.055912061794414734,24.8424,19.6
"Council District 2, Orlando, FL",46239.921800000004,10735.5923,0.812608973746145,0.18739102625385495,0.1956127551236473,0.20344928005479457,0.2271353927765509,0.07206663571822908,0.43993619816199603,0.5248594714238543,0.4751405285761457,0.34604180153152797,0.0017301067321441705,0.02019899609778319,0.7875,0.2125,0.08565310492505353,42.41915,16.926
"Council District 6, Orlando, FL",51267.412,12182.517,0.8168289477924106,0.1831710522075895,0.16633314940882915,0.17263640107286868,0.240422810888133,0.06849839621317338,0.4421011557985412,0.5687366165793161,0.4312633834206839,0.2950052111562824,0.0022821514766534347,0.017301438972577746,0.7606837606837606,0.23931623931623933,0.1319052987598647,30.3854,18.499
"Council District 5, Orlando, FL",42923.617,9648.9002,0.8183135894628824,0.1816864105371176,0.22973964426157284,0.21632430230658337,0.1951784189109692,0.09070678969109243,0.3692596805157403,0.5112403173161642,0.48875968268383585,0.3808422953737256,0.009016015588807439,0.04272706095574378,0.7441860465116279,0.2558139534883721,0.21101417666303163,40.8028,19.8012
"Council District 4, Orlando, FL",49989.8421,10775.772099999998,0.871550080371228,0.12844991962877195,0.1543971370135614,0.2273183655445073,0.3833782783642759,0.04501213857604883,0.5955655519063942,0.6501096752036915,0.3498903247963086,0.23084589920011397,0.005621141979962365,0.13554753756663696,0.7437722419928826,0.2526690391459075,0.041469893742621014,23.59575,16.7985
"Council District 1, Orlando, FL",70834.6679,18727.399699999998,0.909922226091216,0.090077773908784,0.07205082978867189,0.15521278529210128,0.32381144685228347,0.03378294373283848,0.5191083206871363,0.7182684951184121,0.28173150488158805,0.18891318905314977,0.002809358833741352,0.037368707703082205,0.7839195979899497,0.21105527638190955,0.07517944843218738,25.536499999999997,15.3968
"Council District 3, Orlando, FL",52324.2975,11719.8865,0.9072073676670002,0.09279263233299978,0.107041238346296,0.15709880290318282,0.39329807533488625,0.03972289355628711,0.5584047124569613,0.6902004213095408,0.3097995786904591,0.2402206284164953,0.00588636665403869,0.11805222994154867,0.75,0.24675324675324675,0.04986239274728833,26.988999999999997,16.7587
"Orlando, FL",317207.0,73907.0,0.8614217214626411,0.13857827853735888,0.14638390703862147,0.18457978543979167,0.3024807144861242,0.055723864857963414,0.4940843045708323,0.6228773999756451,0.37712260002435494,0.2729240802630333,0.007203498031254039,0.10372091410340882,0.7658643326039387,0.2315098468271335,0.06945077657214066,31.09395,17.3
"Council District 4, Philadelphia, PA",156079.5357,34125.7673,0.9567822567529587,0.043217743247041196,0.18288474060344093,0.15839523989562967,0.28698010151756237,0.05102669651265499,0.47317372433726423,0.5120671118213949,0.4879328881786052,0.38496560632645466,0.001518456592897207,0.01617764935470653,0.6919831223628692,0.3037974683544304,0.09386138613861386,80.4762,18.3001
"Council District 6, Philadelphia, PA",157215.9381,38394.9623,0.9103735182940718,0.08962648170592827,0.2085619441404459,0.1341934797131106,0.15256921842582574,0.11469594188682324,0.31494684443828663,0.5519066729230777,0.44809332707692234,0.3410331438194953,0.00046432951316657887,0.0121806988727945,0.6438356164383562,0.3561643835616438,0.0381201044386423,71.6875,19.362
"Council District 10, Philadelphia, PA",159316.8052,41407.6856,0.9358190513099743,0.06418094869002558,0.1274395383118064,0.13982476532864846,0.23388758865219827,0.07221942082981213,0.4094296651135708,0.736338487848256,0.26366151215174416,0.19289163555666103,0.001393449986153752,0.02420334750724715,0.7477477477477478,0.24774774774774774,0.057572614107883814,33.1832,16.4547
"Council District 5, Philadelphia, PA",156840.3574,29375.6715,0.9452925577176732,0.054707442282326754,0.26232494035364906,0.1783847803193032,0.3206503647000743,0.06723368701020314,0.453975136759029,0.47768419864036127,0.5223158013596387,0.4224873906286704,0.002824528121102075,0.04311390328418111,0.6772009029345373,0.3182844243792325,0.06551316178645371,79.19765,20.6327
"Council District 7, Philadelphia, PA",160687.0325,36776.5316,0.8933447769035128,0.10665522309648727,0.32095781157698583,0.15468799201329453,0.108509961436994,0.14702196395343847,0.2417406084090824,0.43206753624368427,0.5679324637563158,0.4529931637163957,0.0024706411825733353,0.01675928640974809,0.6246851385390428,0.37531486146095716,0.1474192350538433,128.17735,22.0369
"Council District 1, Philadelphia, PA",151442.1424,32813.987799999995,0.9257549667363923,0.0742450332636076,0.1402464146598074,0.15998760593339306,0.4494871620358164,0.07735884486536425,0.5661718834743584,0.6832077751915299,0.31679222480847025,0.22316345531157908,0.003288384541501309,0.07089175991477521,0.6666666666666666,0.3293172690763052,0.0463859910581222,56.655,16.5755
"Council District 2, Philadelphia, PA",149666.3948,32978.0534,0.940735661389767,0.05926433861023289,0.17016896567886058,0.17012332082980058,0.3561724832834685,0.06624620051314284,0.5053886438640934,0.5918049456490965,0.4081950543509036,0.3141049798894437,0.0028129227042756294,0.023265075668141903,0.7197149643705463,0.28028503562945367,0.12090752441125789,74.2625,17.4928
"Council District 3, Philadelphia, PA",148596.27949999998,26540.1287,0.9352145435108287,0.0647854564891714,0.25951023693025915,0.1978693066807235,0.2122386092445875,0.059690627718576236,0.36359546606279614,0.3937047901353998,0.6062952098646003,0.5178016073448807,0.003970489718755039,0.1130310937562875,0.611864406779661,0.3847457627118644,0.035127411288402,105.3382,21.583
"Council District 8, Philadelphia, PA",161641.262,35481.1245,0.9470275590894608,0.05297244091053929,0.23757475551013704,0.17324150500631455,0.21677291470293023,0.08600325020971439,0.38490255353240194,0.440050824770224,0.559949175229776,0.4358984817406224,0.0010207789642226377,0.01249680913775593,0.7575757575757576,0.24242424242424243,0.08168316831683169,110.49065,19.2663
"Council District 9, Philadelphia, PA",166070.1965,41392.451700000005,0.9018372974587286,0.09816270254127146,0.18026970540737575,0.14511751541162293,0.14313618398109137,0.10290710049229093,0.3399677316573778,0.44523844911559074,0.5547615508844091,0.4306808987591329,0.0017884003647818893,0.02171973102952281,0.5959595959595959,0.40404040404040403,0.08233989464929305,109.3269,19.2304
"Philadelphia, PA",1567591.0,349287.0,0.9289451138721772,0.07105488612782289,0.2092184759927813,0.16084042329918966,0.24592958239744933,0.084947540525558,0.4036473799607168,0.5310962045538483,0.46890379544615174,0.36647799660451147,0.0021478816859754873,0.03502763156971429,0.673002673002673,0.3234333234333234,0.06131963794642044,84.5967,18.9
"Council District 6, San Antonio, TX",142896.1538,35080.4258,0.854083260147202,0.14591673985279793,0.12960377174266532,0.13061253437319598,0.17768771464302352,0.07278444117227177,0.4062954975069455,0.6412646564854411,0.3587353435145591,0.2745137973781379,0.0004268834281248513,0.01325438053882735,0.7049180327868853,0.29508196721311475,0.032206969376979935,14.77365,17.0535
"Council District 8, San Antonio, TX",154062.2047,33213.273199999996,0.8553570842154774,0.1446429157845227,0.16073641584073733,0.17166570250957858,0.3187758918265045,0.04392786091292383,0.5037425405609557,0.6725680231962203,0.3274319768037798,0.2192389607658423,0.003401223557850331,0.09335839395526968,0.6259541984732825,0.37213740458015265,0.03643189876938052,7.8054,16.8105
"Council District 9, San Antonio, TX",152563.6815,38766.9964,0.8932761602242799,0.10672383977572014,0.07916308574396849,0.1412759530190021,0.3757263297293989,0.031431090629521805,0.5699595988053028,0.7524516137133594,0.24754838628664041,0.1845412867735092,0.002130257980173348,0.03749909509098992,0.7507692307692307,0.24923076923076923,0.05680825030589058,5.90695,14.4708
"Council District 10, San Antonio, TX",146568.3707,38374.46890000001,0.8832619744745516,0.11673802552544853,0.09459819969193393,0.1354432269744812,0.2736815829255855,0.051749929836669734,0.5055748375048288,0.6983386159645325,0.30166138403546733,0.21759489158689044,0.00098929939186395,0.016640698046594304,0.8068965517241379,0.19310344827586207,0.05945059450594506,13.9737,16.1849
"Council District 2, San Antonio, TX",143119.5369,32487.0524,0.7885427876898056,0.21145721231019438,0.23623567566197173,0.14491314148459908,0.13072549216724022,0.12161784112089312,0.32485627963207864,0.5699925888013158,0.4300074111986842,0.3314739043545853,0.001041087773391195,0.038310632627543105,0.7046979865771812,0.2751677852348993,0.02717490424949845,61.1792,19.2748
"Council District 3, San Antonio, TX",143228.3248,33460.6594,0.7862518077848802,0.21374819221511973,0.20226374874140815,0.12800718381368653,0.07939976897642247,0.1525987204732007,0.2630305748015005,0.5473146085100762,0.45268539148992387,0.3348208104948464,0.0003002199464389742,0.007980265087901105,0.5348837209302325,0.46511627906976744,0.03762029746281715,76.4455,17.936
"Council District 4, San Antonio, TX",144783.70510000002,34718.1874,0.801625213416368,0.1983747865836319,0.17751603319067152,0.11565705884121623,0.08842887734608747,0.13885620267912316,0.2709390346994235,0.586255891342991,0.413744108657009,0.2803426108587685,0.00020029878348513128,0.007901441665758282,0.6551724137931034,0.3448275862068966,0.025349650349650348,43.26005,18.4611
"Council District 5, San Antonio, TX",135339.9358,29496.6773,0.7454724557361583,0.2545275442638417,0.2995295465479303,0.11638257700429616,0.056309141532783255,0.2175864657089633,0.2126758501092772,0.4693420367045884,0.5306579632954116,0.3996946971379722,0.0009974882816517487,0.011785139327663254,0.6444444444444445,0.35555555555555557,0.08463949843260188,105.32435,19.0683
"Council District 7, San Antonio, TX",153380.9811,36429.9196,0.8400534165053661,0.1599465834946338,0.1506791437520672,0.1359287947598087,0.21611946189331033,0.08380805500011239,0.43279746826446663,0.6352679817607942,0.36473201823920576,0.256992060449126,0.0012648243518113733,0.016599189689235856,0.6597938144329897,0.3402061855670103,0.07619795758051846,42.501599999999996,16.29
"Council District 1, San Antonio, TX",135234.639,29806.777299999998,0.7677071160740112,0.23229288392598882,0.20193704144098762,0.17262125275462895,0.1963562072288299,0.13289187321304566,0.3896567180543145,0.6319531430860189,0.3680468569139811,0.24788989851646928,0.0031352913952763244,0.05073404307309165,0.6933962264150944,0.30660377358490565,0.06179857163678764,77.0779,17.0729
"San Antonio, TX",1453974.0,341251.0,0.8235800640176509,0.17641993598234906,0.1712692248967313,0.1394550383982107,0.19373386319150135,0.10269991072742704,0.39135431582683045,0.6239981714339299,0.3760018285660701,0.2723186159161438,0.0015736182352641794,0.0310741457550135,0.6958041958041958,0.30157342657342656,0.050640756070029436,43.85015,17.2
"Council District 2, San Francisco, CA",71276.66990000001,12833.275699999998,0.9789040074107053,0.021095992589294635,0.06492559075069806,0.16533810595435797,0.6634969979146009,0.030389772741052253,0.7566280772609439,0.8527796687170058,0.14722033128299428,0.09000472108613704,0.012205957450321341,0.08511901592080412,0.7298850574712644,0.2689655172413793,0.14339871435635404,33.04845,14.054
"Council District 1, San Francisco, CA",71676.9228,16421.2399,0.9752788731605538,0.024721126839446293,0.07427945972033274,0.13715816773317172,0.524312949439286,0.06051328420030889,0.6600547896288874,0.7827168885097403,0.21728311149025964,0.14109167237730935,0.005803820584775439,0.04301244918957375,0.7524038461538461,0.24759615384615385,0.1349335063250081,55.73365,13.8616
"Council District 4, San Francisco, CA",74953.30829999999,18552.0,0.9760518576069311,0.023948142393068996,0.08011243047426635,0.11392165194127932,0.4414094834557156,0.08827771515456911,0.593125457812514,0.7671410090556274,0.23285899094437257,0.16402544200086244,0.0038290504650079606,0.028964698813701333,0.7700348432055749,0.22996515679442509,0.1321971441731921,68.1279,13.0211
"Council District 7, San Francisco, CA",76070.9059,17808.9357,0.9806554111247937,0.019344588875206233,0.08730735517637632,0.13732845660774495,0.5251893812401673,0.051029565825112644,0.6590326052630853,0.7996232924800778,0.20037670751992212,0.14655409755901358,0.00446951427720542,0.09658094527831829,0.6205882352941177,0.37941176470588234,0.046277392132843334,54.7321,13.3103
"Council District 10, San Francisco, CA",72706.3812,15864.7972,0.9644439475967208,0.03555605240327928,0.14317167115449833,0.12305081689308446,0.3086077291933765,0.1317393541242567,0.47240824165788625,0.6238323424644847,0.3761676575355151,0.2911746706727521,0.009050099718069863,0.05519460511947471,0.6808510638297872,0.31762917933130697,0.16396710690256666,70.1698,16.176
"Council District 6, San Francisco, CA",71099.9396,12637.198400000001,0.9639451212698358,0.036054878730164205,0.14945614102884555,0.19912581613501118,0.5552240637909065,0.07005091745535041,0.6766725706191739,0.8098856705454588,0.1901143294545411,0.13602439762281487,0.016230674828871444,0.1167933481620004,0.6273830155979203,0.36915077989601386,0.13896917148362234,31.7987,15.0442
"Council District 3, San Francisco, CA",71796.0879,13590.7016,0.9670681819976991,0.03293181800230093,0.14422880832202,0.22595789233803087,0.4947292371900949,0.13362785606595703,0.6219713428146272,0.7683505169446145,0.23164948305538546,0.14363913339102374,0.008788779701741939,0.064836401761662,0.6767036450079239,0.3232963549920761,0.1355531686358754,67.70805,15.2037
"Council District 8, San Francisco, CA",81062.2586,16138.3786,0.9819872129741029,0.018012787025897155,0.06076637001081536,0.1432916587892852,0.6605392475457129,0.019005575795787166,0.7655969161461286,0.8573005283194931,0.14269947168050698,0.10073173645833293,0.007241347701604751,0.031506647410389325,0.6473594548551959,0.3492333901192504,0.2298355520751762,36.2675,13.5163
"Council District 11, San Francisco, CA",80897.204,17446.8161,0.9518183100617421,0.04818168993825794,0.09899179086584994,0.10630522904104325,0.2713894821383444,0.1428402815998437,0.4711040767243328,0.6766700830875382,0.32332991691246177,0.21963815506715864,0.0009889093323917598,0.006947088060052113,0.625,0.375,0.1423487544483986,83.93055,13.9752
"Council District 9, San Francisco, CA",79141.76139999999,16099.034,0.9533335519115702,0.04666644808842984,0.10041171638618598,0.12698537437404067,0.4301335085018717,0.11984802627857612,0.5627879126278835,0.7026686880715949,0.2973313119284052,0.18542474039125578,0.007732959049354695,0.03377483584791683,0.7336601307189542,0.26633986928104575,0.22895622895622897,62.9789,15.151
"Council District 5, San Francisco, CA",75422.1331,11032.619299999998,0.946237032375845,0.053762967624154875,0.2141139720695595,0.20203151082715795,0.45608242283988115,0.12163135439085054,0.6169125147694874,0.7096317100328116,0.2903682899671885,0.1778340797094304,0.010381567953823887,0.054188337455016895,0.6436781609195402,0.3537675606641124,0.19158306826523122,67.1094,16.4236
"San Francisco, CA",826350.0,168501.0,0.9671035275609609,0.03289647243903915,0.1102740969322926,0.15186664246384704,0.4832044533188116,0.08826405276214679,0.6222895867368549,0.7575385309285998,0.24246146907140018,0.16539367718885942,0.007960307375809281,0.057484116899618805,0.677257525083612,0.32076619033140774,0.1384783798576902,57.6772,14.5
"Council District 4, Tampa, FL",99918.8931,23121.523999999998,0.9444131872593773,0.05558681274062273,0.0659589362484641,0.14956915690652303,0.4563446550029886,0.02113598574282044,0.5969900461197163,0.7897202883339351,0.21027971166606493,0.144284386271424,0.001861509812902441,0.053543427414129346,0.7688172043010753,0.23118279569892472,0.034766355140186916,19.93725,14.9862
"Council District 5, Tampa, FL",93628.317,18943.014300000003,0.8616267747288462,0.1383732252711538,0.2552029350265903,0.20807266887003856,0.1965882746776277,0.10403525570154167,0.36626670113059917,0.4445483420238984,0.5554516579761014,0.41361634827040167,0.002915784548386147,0.023112665797463818,0.7216117216117216,0.2783882783882784,0.12615526802218113,73.71185,20.4149
"Council District 6, Tampa, FL",97711.5721,22447.394500000002,0.8664727900739609,0.13352720992603903,0.12417747702986756,0.15960472096426334,0.3291951844463261,0.08806279763049682,0.5025538208488204,0.6685401060688803,0.3314598939311197,0.20093602845532918,0.004083446734350516,0.061384745645700234,0.8170426065162907,0.18295739348370926,0.06652217405801934,46.55465,15.8782
"Council District 7, Tampa, FL",103457.2512,22696.310599999997,0.9038918211660354,0.09610817883396461,0.16045504503023178,0.1452015941440362,0.2872430579327049,0.06380560205720989,0.4305521390075363,0.7023576201851944,0.29764237981480574,0.19994933009068006,0.0016431907674732422,0.03853765641126951,0.6882352941176471,0.31176470588235294,0.042638575369952345,25.64805,18.1325
"Tampa, FL",396910.0,87808.0,0.8935753697311734,0.10642463026882669,0.14972663828071855,0.1657932528784863,0.3205235443803381,0.06840089692877478,0.4772467309969515,0.6599740342565598,0.34002596574344024,0.23308810131195334,0.004467007633972437,0.08169862185382076,0.7625493513818387,0.23688663282571912,0.054676658340271994,41.2896,17.4
