geoid,Excess Housing Costs,Married Couple HH,Single Male HH,Single Female HH,Poverty,With Insurance,Without Insurance,Edu <9th Grade,"Education 9th to 12th Grade, No Diploma (2020-2024)",Edu High School,Edu Some College,Edu Associate,Edu Bachelors,Edu Graduate,Lead Paint EJI,Drinking Water NC,Drinking Water EJI,MH Providers Male,MH Providers Female,MH Providers Total,Total HC Workers,MH Provider Ratio,Poor Mental Health %,City,pop_proxy,weight_norm,poverty_rate,housing_cost_rate,grad_edu_rate,married_hh_rate,single_female_hh_rate,uninsured_rate
4802282,16261.8764,17500.4264,1588.1652,3293.6781,9702.1144,86109.7864,9937.7103,1761.3054,1712.7739,8658.4419,12699.3233,4521.5905,30395.0584,14652.1184,13.796,0.0133,9.9716,51,157,212,2164,455.11,16.1234,Austin,96047.4967,0.049480625972786095,0.10101266270000872,0.16930901532787862,0.15254916946555394,0.18220406358530752,0.034291823538764456,0.10346554752480577
4802288,13840.5463,20383.4213,1863.0392,3153.936,5960.9445,89995.6324,7241.4197,1449.4527,1375.5061,7330.4672,9744.5502,4123.7021,26399.8698,20525.7857,1.4352,0.0,0.0,22,75,97,1774,1006.01,14.5732,Austin,97237.0521,0.050093447210648796,0.061302590614112064,0.14233672930599564,0.21108799751450388,0.2096239163556836,0.03243520341971145,0.07447104856186235
4802286,18490.4357,17169.1001,1446.7465,2952.2631,8336.4972,87800.7652,9369.407,1534.7553,1527.0094,7950.0262,11801.131,4407.3537,29413.4159,18657.2104,19.5881,0.0096,1.6587,26,90,117,3023,835.55,15.9657,Austin,97170.1722,0.05005899280599801,0.085791876451193,0.19028725579169253,0.19200355390999388,0.17668923520508895,0.03038208795015442,0.09642167309369969
4803976,16074.2025,21409.6879,962.6633,2730.2009,5778.4111,92010.2049,5989.4041,551.5591,517.6927,5759.0239,8411.8813,3414.8976,30204.5126,24284.0597,15.2341,0.1111,2.0471,161,487,648,7251,151.96,13.7408,Austin,97999.609,0.05048629235548085,0.05896301215842445,0.16402145521360995,0.2477949876821684,0.2184648454582563,0.027859019733234514,0.06111598857513222
4802289,17164.2799,15714.9984,1832.3261,6193.4722,16668.5697,88018.7512,16647.5228,4652.8253,4185.5442,13806.3831,12519.6421,4115.8621,22555.6469,13332.1079,31.3257,0.0028,9.153,25,76,101,1028,1053.67,17.7182,Austin,104666.274,0.053920746856478415,0.15925292656422865,0.16398898379640614,0.12737608796422845,0.15014242560668964,0.059172957919970286,0.15905184269918024
4802291,14215.792,15613.3902,2461.0043,5411.4196,12499.5575,80806.5041,18594.0135,6646.9933,5580.3674,16257.628,12539.6804,4670.3612,17913.1893,8054.4765,13.8874,0.0097,9.1298,23,57,81,828,1233.08,18.205,Austin,99400.5176,0.05120799606292021,0.12574815557946772,0.1430138326177829,0.08102971357451387,0.15707396201765836,0.05444000987767615,0.18705965410733327
4802290,18724.6304,8212.7612,2590.2329,3867.5319,15249.0918,70324.3692,17276.9082,4869.6726,3258.4346,10417.1981,8399.4069,2926.3643,24159.779,9778.7297,56.9362,0.0,0.0,31,88,120,2212,731.64,18.9685,Austin,87601.2774,0.04512940150128535,0.1740718649398948,0.21374593167825562,0.1116264324424972,0.09375054443504685,0.044148759767288874,0.1972198521861716
4802284,17978.3247,12676.1423,2593.3741,5154.6952,19236.4741,71691.4226,23015.8107,8138.9017,3600.6502,13860.1093,9902.9422,3356.6081,16859.092,9277.1337,59.4057,0.0,0.0,43,102,145,1413,655.17,19.2139,Austin,94707.2333,0.04879016475017295,0.2031130074939324,0.18982852993415514,0.09795488076114287,0.13384414277739462,0.05442710755327752,0.24301805553794445
4802309,11851.1852,21478.6961,1399.2992,2574.1011,5184.2613,88526.7576,5959.7147,1085.8593,688.9664,5009.4106,8856.0648,3370.529,27709.1387,21393.49,5.7995,0.0085,3.4752,51,167,219,2116,433.36,14.1056,Austin,94486.4723,0.04867643568022646,0.054867181582970555,0.12542599470088692,0.22641615316023225,0.22731792455834382,0.027242776606693078,0.06307412564787174
4802305,20572.4694,11183.4586,705.9888,1601.3187,15955.0884,90390.3344,7259.7707,654.9053,848.1092,4221.5394,5557.6712,1795.73,27928.8201,20262.2462,46.7353,0.0,0.0,137,276,413,6596,238.24,19.7536,Austin,97650.1051,0.05030623902409683,0.16338871315036455,0.21067318571492544,0.20749633277831692,0.1145246496549889,0.016398367415915705,0.07434396868899336
4805000,166314.0,162115.0,17174.0,36932.0,114795.0,853468.0,120679.0,31172.0,23189.0,92576.0,101017.0,36600.0,257286.0,161752.0,26.1569,0.0164,3.5796,657,1818,2487,32036,393.86,16.9,Austin,974147.0,0.5018496577799061,0.11784143682479459,0.17072765123985267,0.16604458460110785,0.16641721791760594,0.03791210370498117,0.12388158678147468
3701411,15333.2951,24430.6298,1737.9557,4978.9787,9066.9218,110916.8966,11353.9025,3089.7346,2087.6829,8104.3828,10686.3341,5148.172,34903.8181,22739.2255,22.4758,0.0,0.0,124,600,724,6195,170.05,14.0413,Charlotte,122270.79909999999,0.06804262246758334,0.07415382669379567,0.12540336539466196,0.18597277268655157,0.19980592401375732,0.04072058100599257,0.09285790005195074
3701413,18908.3191,16944.2444,2303.5429,8692.7257,16258.3206,110051.2619,17413.3753,4677.0085,5280.1772,18963.2177,17040.8265,8874.2554,20782.6328,11310.5332,71.6474,0.0,0.0,26,126,152,1592,841.69,17.3978,Charlotte,127464.6372,0.07093294761142262,0.1275506164417464,0.1483405215346933,0.08873397919984666,0.13293186126244855,0.0681966206026231,0.1366123112276726
3701410,19422.2801,17728.6439,2724.4509,8614.8539,18090.1835,116439.2662,21509.5468,5993.5637,6270.9687,20685.772,15886.3985,6651.1888,25356.4355,10844.4367,56.3464,0.0,0.0011,50,204,254,2199,544.55,17.3563,Charlotte,137948.813,0.0767672990763193,0.13113597696576798,0.1407923626543807,0.07861146357625001,0.12851517167333892,0.06244918867704446,0.15592298628197487
3701409,19510.402,18316.2069,2193.7255,7070.9891,14442.2706,112355.247,13126.2093,3026.2542,1956.1565,11007.8891,16111.674,9428.2847,25564.5293,13348.2752,15.9517,0.0,0.0,52,249,301,2816,418.62,17.2468,Charlotte,125481.4563,0.06982932491281524,0.11509394241910452,0.15548310556939582,0.1063756288615144,0.14596627640289506,0.05635041987937241,0.10460593207243425
3701412,19159.7443,17452.5145,3549.6031,8870.0954,20425.7905,107356.7317,27279.7287,9553.3487,7332.7544,20129.9168,16943.261,7073.8393,17640.009,7905.577,61.0391,0.0,0.0,43,159,203,1274,665.29,17.9792,Charlotte,134636.4604,0.07492400403694537,0.15170956462871604,0.14230619207371797,0.05871751425281637,0.12962599300484132,0.06588133327565349,0.20261618585907312
3701408,11792.7402,27238.8418,1949.5236,4019.3552,5590.0196,116105.8459,7271.5157,1555.9415,1148.9627,8404.6822,10469.8167,5827.2763,33460.9662,22869.2665,5.7771,0.0,0.0,57,173,230,2688,537.39,12.9921,Charlotte,123377.3616,0.06865841474978399,0.045307941583169795,0.09558191604320997,0.18535881173510413,0.22077487046156397,0.03257747264492771,0.058936717960112704
3701414,21955.6449,15660.1144,2856.841,6497.6897,19609.5187,109271.4403,17588.674,5877.4079,5717.4174,14849.507,15093.5882,4987.4958,29024.0805,16592.7848,72.2599,0.0,0.0,177,474,651,11998,198.02,17.4809,Charlotte,126860.1143,0.07059653594354706,0.15457470012148553,0.17306835921430969,0.1307948845598308,0.12344298319000341,0.051218923433340835,0.13864511672510194
3712000,125790.0,137972.0,17471.0,48913.0,103649.0,783496.0,115438.0,33803.0,30017.0,102181.0,102621.0,48460.0,186979.0,105447.0,43.9012,0.0,0.0002,562,2127,2694,31553,335.5,16.4,Charlotte,898934.0,0.5002488512015831,0.11530199625111938,0.13993225316624672,0.11730214086669226,0.15348384477186894,0.05441216550696101,0.12841640385567366
3903813,943.3957,2499.9726,261.9349,392.7903,777.8324,11967.0252,769.0191,127.036,356.5019,1573.1543,1289.6378,492.6134,2370.6298,1600.6143,28.2156,0.0,0.0,8,8,16,258,799.84,14.9684,Columbus,12736.0443,0.005016093692294913,0.061068516500331245,0.07406708163839865,0.12566606995313662,0.19627572465929166,0.030838418297720768,0.06037657417898751
3901843,752.3367,1308.6436,99.0014,253.7674,485.4456,6290.829,345.1951,62.8249,145.8612,1315.2757,813.818,355.1918,1398.4151,656.2993,18.9508,1.0,60.031,0,1,1,122,6673.25,15.5409,Columbus,6636.0241,0.0026135994698076727,0.0731420577484418,0.11335452285008277,0.09888457388605837,0.19717324817307808,0.03823511805539474,0.05201052381292393
3901842,734.316,1548.3181,207.3515,353.9178,776.6756,7696.6871,752.8821,114.7292,260.3187,2357.9747,1335.4534,512.146,989.1364,485.6146,34.9225,1.0199,52.2349,1,1,2,77,4239.44,17.1343,Columbus,8449.5692,0.003327864584039597,0.09190808117398767,0.0868954484154748,0.057465312514096686,0.18322056933159012,0.04188094217369405,0.08909247201951793
3900819,749.1447,2665.3674,161.3575,237.0574,108.5148,10382.1622,165.8912,49.9129,139.1284,1841.737,1589.3949,753.0907,1849.11,1178.5271,7.8831,0.0,0.0,1,2,3,100,3524.49,15.3722,Columbus,10548.0534,0.00415435302197637,0.01028668600729616,0.07101534816384567,0.11171875383624467,0.25266413003464366,0.022471912029566558,0.01572569535006809
3902139,227.0134,757.0593,62.0786,184.9344,278.053,3768.3239,132.0242,16.9469,63.2871,865.9825,472.5933,329.1648,441.1771,288.1151,17.6182,1.0,38.3273,0,0,0,11,544.55,16.5434,Columbus,3900.3480999999997,0.0015361529091230037,0.07127100501490755,0.05818845029491216,0.07385013913523893,0.1940506923747717,0.04740269139275217,0.033840661385739976
3902141,345.0513,801.0867,56.9555,172.8967,311.8814,3422.7193,53.6644,26.431,200.3943,1124.1437,554.5134,271.2943,423.0848,186.3014,24.5091,1.0,54.6757,0,1,1,51,3670.29,17.2999,Columbus,3476.3837000000003,0.001369174442143457,0.08968852071170633,0.09922727250375045,0.05357516341955591,0.23037052252818688,0.04972034003610243,0.015432406840809657
3902510,1126.0788,803.3696,99.3966,348.7185,654.4971,4576.2828,1033.73,326.0321,156.0118,1893.978,728.639,187.4071,283.6197,342.4178,102.7269,0.0,0.0,3,7,10,292,566.12,20.9258,Columbus,5610.0128,0.002209504706243345,0.11664509123914314,0.20069082715334385,0.06102602367971785,0.14317728877752692,0.06214894038381092,0.18423233680735854
3901866,905.2628,852.5789,195.9269,585.8448,2111.2707,6373.6977,514.3468,90.9143,505.0129,2094.0143,876.1399,497.0693,399.977,100.2689,124.7412,1.0,117.7014,0,6,6,60,1182.1,22.4126,Columbus,6888.0445,0.002712857756681694,0.3064678563188262,0.13140614783370902,0.01455483412830328,0.1237586576774181,0.08504006615140895,0.07466155865301785
3901840,592.0554,1335.4759,148.8566,323.9456,1067.1428,7425.3403,472.85,54.9273,328.7363,2321.1231,943.215,645.8329,862.3554,260.8287,81.7511,1.0,72.7294,3,3,6,87,1332.28,19.3339,Columbus,7898.1903,0.0031107038897764255,0.13509521349295764,0.07495140356347663,0.033019675446988535,0.169064910361762,0.041009975414821945,0.05986056570886766
3901841,694.5576,1052.775,215.9863,377.8819,1089.2667,6655.8429,317.8685,23.8898,148.2456,1406.9753,879.0403,504.53,986.3257,454.698,45.3036,1.0,73.6621,14,48,62,895,116.16,17.8098,Columbus,6973.711399999999,0.0027465976830361003,0.15617373071522359,0.09958227088793954,0.06519237484148807,0.15094172928789573,0.054178858210534704,0.04557443050618554
3901839,634.5895,975.0963,165.9216,432.2902,1240.458,6119.8469,375.2452,193.4562,384.3768,2099.7904,737.6075,336.1209,463.4051,154.8043,98.7354,1.0,88.0725,8,32,40,178,162.48,20.1231,Columbus,6495.0921,0.002558093372342033,0.19095449708910378,0.09768788530569018,0.023830373340919846,0.15010506085651096,0.06654619321053037,0.0577647598315301
3901865,884.8187,652.7675,194.6768,508.5353,1648.3731,5551.4951,612.2277,161.8542,485.2669,2016.7723,1044.6621,254.5699,281.669,160.3561,127.121,1.0,115.5456,4,23,27,435,230.96,21.3685,Columbus,6163.7228000000005,0.002427583504725588,0.2673880324351324,0.14352935707019948,0.026011891402481224,0.1058875672398441,0.08249118678945304,0.09931147269103487
3900728,1138.3787,1140.7793,286.7341,321.9264,734.4392,6538.8173,739.2573,96.0841,503.8774,2436.5447,1192.5636,282.2442,443.4229,140.4429,99.7249,1.0024,100.1025,2,21,23,57,317.92,20.1605,Columbus,7278.0746,0.0028664711925595163,0.10089733109755464,0.15639058019820268,0.01929405971467857,0.15672037486743162,0.04422628118140182,0.1015592421597108
3900731,568.6357,1513.8903,130.1571,201.1353,815.3992,7147.9127,289.291,105.7863,154.408,1532.4708,885.9213,542.8585,822.4699,486.647,36.0034,0.9411,51.8587,0,4,4,216,1867.73,17.4177,Columbus,7437.2037,0.002929144221638927,0.10962313387572324,0.07644798703213788,0.06542533918505082,0.20352901870649226,0.027040843207883646,0.038892589080344764
3900729,994.6803,1180.9351,161.8192,416.1338,792.0373,6116.3389,435.4359,108.8705,220.4932,2002.5866,1126.1448,413.2574,392.5177,277.2791,50.4171,0.9872,76.8592,1,0,1,131,6640.27,18.4535,Columbus,6551.7748,0.002580417865507642,0.12087052037863409,0.15179528220624947,0.04231476106885285,0.18021908825555852,0.0635049750221845,0.06645061264733224
3900726,904.3151,864.3681,176.1148,486.5696,1434.2406,5128.7812,842.3189,126.3489,343.0876,1911.5678,965.7902,334.4867,610.9788,254.7362,97.9342,1.0035,94.5257,26,51,77,564,82.29,19.6966,Columbus,5971.100100000001,0.0023517190143309673,0.24015682523472773,0.15142329915066224,0.04265437546835492,0.1447343623727941,0.08147378507604049,0.14104232780693007
3900730,805.2984,1201.0457,127.407,310.116,690.6954,5697.6626,401.3817,36.02,157.2306,1410.1735,1130.5352,395.6746,767.7406,454.3064,87.8512,1.0,74.3685,14,38,52,291,118.5,18.7911,Columbus,6099.0443,0.0024021098640695875,0.11322793180370838,0.13201517241440364,0.07447591815029934,0.19689130782214156,0.05083831932171378,0.06579980083095463
3900727,932.305,1342.4287,100.1147,311.5273,446.9458,6389.7817,499.599,50.1549,277.4337,1767.7739,1086.6708,363.0436,923.9841,705.0299,47.5454,1.0,66.085,16,75,91,523,78.14,17.0829,Columbus,6889.3807,0.0027133840193291664,0.06486518226779546,0.13530529597588128,0.10232089208075253,0.19482649195275958,0.045211914052876646,0.07250673391674861
3903814,1206.4428,2341.5217,296.8177,630.4953,860.2653,10867.2876,984.0563,89.5902,367.4133,1969.8184,1288.0001,713.9767,2318.7581,1434.6571,26.9763,0.0,0.0,6,12,18,260,669.16,15.1624,Columbus,11851.3439,0.004667654256039907,0.07258187133770225,0.10178938530462317,0.12104416747475577,0.19755769152125258,0.05319583242939821,0.083026303345788
3903812,983.5776,2001.6519,88.4684,414.6698,884.6412,8752.4225,497.4651,140.7375,174.5063,1740.3104,1348.44,302.2717,1744.182,703.8242,22.8477,0.0,0.0,0,2,2,210,4624.94,16.5133,Columbus,9249.8876,0.0036430701520720164,0.09562771036154412,0.1063225111501733,0.07608180213972117,0.21637403744912004,0.04482486631877356,0.053774850750537714
3903811,838.0017,2072.9722,356.6544,303.2582,785.7135,9088.379,816.9647,24.6191,110.0649,1795.3273,1335.0193,472.3052,2003.7384,1277.7485,56.779,0.0005,3.6191,13,37,50,305,201.42,17.0417,Columbus,9905.343700000001,0.003901221673167639,0.0793141772377633,0.08459243141341845,0.1289828557028563,0.20925704404946094,0.03061252558802295,0.08246884266694683
3900821,1242.3127,2034.5129,340.286,563.4286,1131.0643,10219.9475,385.427,150.5693,447.2672,2071.2043,1599.15,761.5339,1770.2125,799.9608,17.5321,0.0,0.0,1,13,14,375,761.09,16.8692,Columbus,10605.3745,0.004176928949114548,0.10664004934013975,0.1171288737730315,0.07542264324157137,0.19181982495526628,0.053121695825467975,0.03633918451587769
3900823,1282.3068,2553.9624,142.9081,471.1486,800.3406,10455.0181,791.0223,339.9133,319.0746,2252.8964,1591.389,751.0814,2023.2176,801.6845,41.4669,0.0,0.0,0,7,7,149,1610.04,18.297,Columbus,11246.0404,0.004429255346868868,0.07116010715138892,0.11401282065280037,0.07127959636385764,0.22707861883380448,0.041890896026300396,0.07033159585698652
3900820,1123.0918,2053.1591,378.8796,336.3818,628.2494,9550.3956,489.7295,87.2837,428.1503,2368.8338,1797.5995,568.7095,1148.6734,711.7622,32.4542,0.0,0.0,6,27,33,717,309.03,17.8467,Columbus,10040.1251,0.003954305355546058,0.0625676299959653,0.11184919905041318,0.07088470593798299,0.2044750044992468,0.03350040923202919,0.04877237312778824
3902509,796.1253,258.2441,216.4559,347.6892,730.068,2939.6493,286.8267,106.5134,176.7225,1055.5902,472.4409,85.6076,205.4296,39.2905,177.0037,0.0,0.0,22,40,62,1074,52.46,21.7364,Columbus,3226.476,0.0012707482426031547,0.2262040058547298,0.24667117586621867,0.012173754351697735,0.08001425882020502,0.10772789634996512,0.08887028129721182
3902511,656.0344,779.9291,218.9021,268.2036,1184.5294,4225.9773,725.8043,184.146,334.1663,1618.8244,778.2728,184.1009,332.8045,121.5822,116.2289,0.0,0.0,12,38,50,500,99.33,20.6992,Columbus,4951.781599999999,0.0019502602114364516,0.23916447274800084,0.13245776878189017,0.024548265968360086,0.15747294409266907,0.05415211524772262,0.14654478202713403
3902508,972.7615,425.4572,492.2454,539.3887,663.9055,5130.0905,1006.6389,106.3085,320.0993,1874.6074,687.6473,271.8844,494.1462,72.7095,180.0103,0.0,0.0,18,30,48,179,127.89,21.8074,Columbus,6136.7294,0.0024169521485301955,0.10816793259083725,0.15848882161536804,0.0118463189335131,0.0693183378204976,0.08788082120401071,0.1640083546205214
3902231,619.1694,1114.4143,63.9684,381.8413,373.7698,5608.5567,121.5014,30.291,488.3347,2092.1636,1506.7754,558.9731,1209.0939,342.6945,7.2561,0.9989,32.6568,6,1,7,145,1144.21,19.0983,Columbus,5730.0581,0.002256784572576697,0.0652182883994842,0.10803753673340007,0.05979602614742293,0.19445175403124945,0.06662666707217642,0.021200517928792243
3902229,605.8764,1170.7099,165.4427,172.4003,616.8526,5947.0939,329.8947,29.3335,186.7937,1386.2337,1044.8093,546.6884,868.828,396.4234,51.6931,1.0,59.2511,0,8,8,94,797.44,17.9258,Columbus,6276.9886,0.0024721932635761233,0.0982564065184827,0.09650804399358101,0.06314496971211449,0.1864785004547476,0.027461072484266696,0.05254783355293127
3902247,643.3855,1334.2607,120.7059,244.5147,543.2424,5772.1805,197.7581,39.0601,215.6569,1327.2239,820.6298,338.9448,1023.3146,374.5476,32.5493,0.9998,56.4217,5,29,34,471,178.89,17.2293,Columbus,5969.9386,0.0023512615573147723,0.09098107289195705,0.10775282465641163,0.06272842932935199,0.22345912249039038,0.04095079791977763,0.03312010275905366
3902248,204.6795,1365.3331,179.0908,303.5984,38.1113,6929.9027,190.0,27.0674,0.5671,1184.7914,927.1364,376.7122,1537.4044,565.1979,1.3756,1.0,19.4794,0,0,0,55,544.55,17.1,Columbus,7119.9027,0.0028041751568988753,0.00535203212368005,0.028743476581978854,0.0793716644941659,0.19173595785826425,0.04263481931862375,0.026682010414213357
3902753,515.5897,801.3097,58.3556,459.9374,505.8514,4406.7131,186.4442,68.1424,128.7405,1140.0882,870.4835,206.4613,509.0845,341.2506,36.371,0.0,0.0,0,2,2,44,2324.86,17.8824,Columbus,4593.1573,0.0018090159564102912,0.11010754899489403,0.11222726309349486,0.07427925900578111,0.17441929992253422,0.10011355074846916,0.040582894277477174
3902754,313.3293,984.6465,122.8235,184.1969,175.2163,4603.9318,140.1648,108.9609,162.8238,1022.6904,631.8176,228.71,695.7244,377.7012,12.6436,0.0,0.0,0,2,2,72,2397.92,15.88,Columbus,4744.096600000001,0.001868463431059026,0.03692576037335045,0.06603222787919638,0.07959821091945735,0.20750820963265526,0.03881836673251288,0.029538871769228047
3902765,379.3771,1097.8379,0.0,78.3458,26.8121,4101.4855,262.0,173.8526,68.7312,788.6561,567.3526,306.9942,644.2861,243.4624,48.0635,0.0,0.0,0,0,0,33,544.55,17.0,Columbus,4363.4855,0.0017185596702871328,0.006143244146417717,0.08692367061363819,0.05578261171906746,0.25153890418469715,0.017950752729044468,0.06002998520673285
3902766,369.9349,890.5951,49.3594,185.5029,256.0009,3884.8886,76.7345,56.5308,123.0105,799.0914,774.3093,283.5788,512.1225,279.2786,27.3835,0.0,0.0,0,1,1,54,4019.44,16.442,Columbus,3961.6231000000002,0.0015602860805972404,0.06460389836217327,0.09335606507719596,0.07047821429194212,0.2247488790947592,0.04681315767830657,0.019364571917021327
3902142,371.3696,586.18,50.2038,173.1448,290.0513,3035.5869,206.8423,65.8701,64.188,681.4136,688.2603,299.6685,224.3599,200.042,45.4597,1.0,86.8444,0,5,5,95,648.49,16.8025,Columbus,3242.4291999999996,0.001277031413735962,0.0894273567001247,0.11449906167213393,0.061676080365805436,0.18072847096523642,0.053383252515578274,0.06377271931818336
3901283,268.8916,870.8753,42.4745,67.2347,223.6487,3401.7709,176.2208,40.9055,207.4082,822.4644,427.2905,312.444,502.3647,464.4287,33.8036,0.0,0.0,4,8,12,162,306.44,17.0353,Columbus,3577.9917,0.0014091927740431584,0.062489303900872414,0.07513054584619461,0.12976523527562245,0.2433297903429058,0.018785933479532797,0.0492375548118762
3901286,373.3206,480.1615,74.5576,224.8665,704.185,3035.0655,441.2772,65.6969,173.9273,1122.097,664.2179,72.3097,131.4135,59.173,107.7156,0.1073,27.8436,8,6,14,56,250.56,21.5347,Columbus,3476.3427,0.001369158294284943,0.20250664393820025,0.10735801219707221,0.017016729469890902,0.13808288150604195,0.0646661889263891,0.1269006934519281
3901279,489.7057,472.8728,95.8163,119.8874,530.7991,3121.1991,337.6608,61.9413,155.8039,1028.4345,460.3125,240.3841,329.1034,174.2549,43.1545,0.0567,2.0373,0,0,0,44,544.55,18.6898,Columbus,3458.8599,0.0013622726898745018,0.1534163565409108,0.14153917041554195,0.05036472719603473,0.13667397341724732,0.03465094063490837,0.09759377829142735
3901288,373.7705,488.4198,24.2081,210.2223,827.2382,3060.6357,233.453,67.6951,181.5542,826.3902,470.3748,148.5163,325.1405,184.2341,83.469,0.0114,11.3653,11,50,61,322,56.12,19.1198,Columbus,3294.0887,0.0012973775185384643,0.2510518760845497,0.11343260653347512,0.05591172705001842,0.14822660160863046,0.06379867710389708,0.07084877563386989
3900511,927.9898,3407.3504,138.858,120.5603,295.688,11842.2652,324.7609,90.9862,90.8015,511.6839,839.8233,339.8712,3189.603,3063.2855,6.8735,0.0,0.0,1,8,9,99,1351.89,12.3984,Columbus,12167.0261,0.004791985756063802,0.02430040809988072,0.07626461287751511,0.2517487614527717,0.28002490888805703,0.00990795869512476,0.026689694559415847
3901584,832.0597,1930.134,280.4223,631.5541,1111.5572,9574.7806,743.2058,435.9328,568.1958,1533.1411,1981.8158,645.6613,1345.0801,690.7519,34.7235,0.3812,86.1913,2,5,7,142,1474.0,17.1235,Columbus,10317.9864,0.004063741086251145,0.107719610910622,0.0806338595426388,0.06693989828303291,0.1870468595636486,0.061203113902737576,0.07202313979210206
3900508,1200.4507,3060.8419,229.2512,337.9545,735.2372,12878.1205,550.7578,47.3194,234.5526,1304.4766,897.6817,504.0632,3728.8829,2703.4933,18.7007,0.0001,0.0967,34,120,154,3389,87.61,14.1428,Columbus,13428.8783,0.005288966507067352,0.054746378453779436,0.08938656577401748,0.20130437816402252,0.22791285457888324,0.02516437546571066,0.04100988763241436
3901586,1723.6502,1027.8544,229.6969,949.667,1577.5377,8200.932,1994.5962,138.2341,430.2549,2141.6997,1579.0886,720.7007,1491.7217,428.672,71.8864,0.4369,143.7446,21,51,72,304,142.92,19.8021,Columbus,10195.5282,0.004015510898751736,0.15471321895623258,0.16904285127167107,0.04204097626091987,0.10080435024933289,0.09313630888599905,0.19561522911298376
3900509,1270.5195,2909.2551,220.126,219.811,510.9768,11860.6973,594.7921,41.6719,184.2072,661.1692,899.5435,304.8388,3038.5542,3066.2761,11.7398,0.0,0.0,0,2,2,370,6251.04,13.3086,Columbus,12455.4894,0.004905597086670479,0.04102093162781482,0.10199659464246805,0.246158929818541,0.2335533717870783,0.01764630410234203,0.04774957701966976
3900510,635.9338,2722.6087,107.0069,143.6664,156.2639,9992.6303,202.7032,155.9127,23.2487,438.4952,680.9027,344.6454,2735.0639,2671.5624,4.2801,0.0,0.0,1,2,3,72,3470.44,12.6274,Columbus,10195.3335,0.0040154342161163046,0.015325499112009233,0.06236887014337065,0.26201206541547506,0.26701840421363227,0.014090005981071529,0.019880008828663753
3900448,568.1005,1701.8976,244.7435,510.6534,664.1445,9534.9788,226.9841,140.5226,268.2236,1313.1957,1540.8655,560.5106,1754.616,638.6375,28.6756,0.0,0.0,2,0,2,84,4941.24,17.1308,Columbus,9761.9629,0.003844751115313486,0.06802694087877768,0.0581893535619192,0.06541431187862037,0.17432183420465522,0.05230516649817444,0.023249509634006703
3900446,1498.9681,1740.9552,96.497,610.4436,778.2887,9126.5414,190.13,148.9114,97.9882,1596.3808,1113.6658,446.5378,1735.2365,1503.6438,12.1995,0.0,0.0,4,17,21,607,449.09,15.3809,Columbus,9316.6714,0.003669372965570198,0.08352824075766398,0.16087368137923388,0.16137549130569256,0.1868444512864019,0.06551460915438594,0.020405312855312756
3900451,791.4814,1622.7339,167.0957,392.3896,510.7215,7792.1772,378.7409,31.3316,123.9637,1042.4631,1086.1458,518.0259,1856.9881,1098.6627,18.7426,0.0002,0.9506,3,18,22,515,371.41,16.1067,Columbus,8170.9181,0.003218117790440501,0.0624971388296219,0.0968538096337505,0.13444367485768122,0.19857442036772247,0.04801682973303416,0.046346634335456695
3900449,599.4717,2442.377,69.5611,40.4202,56.2282,7836.9158,81.1827,27.5841,82.2727,830.0877,671.2566,361.7459,2436.2559,1559.1157,8.5179,0.0,0.0,0,3,3,59,2655.66,13.6727,Columbus,7918.0985,0.0031185447384805202,0.007100328402279628,0.07569948776366402,0.19688045299600707,0.30841604003283957,0.00510414158884373,0.010251507794731938
3901585,1452.8535,1435.9065,150.4054,893.7211,1672.3362,10442.7178,612.2193,389.6938,340.766,1946.1153,1821.6057,820.4577,1115.6217,596.7983,44.9779,0.398,105.6605,6,11,17,183,650.29,18.7091,Columbus,11054.937100000001,0.004353989272479763,0.1512613706892381,0.1314093492807588,0.053979892848702984,0.1298765077091475,0.0808363046855612,0.05537470903303167
3901587,1210.4341,2173.6494,194.4355,434.7089,1013.1646,10217.3036,670.3927,270.2246,266.3718,2019.9568,1535.6959,609.3472,1923.157,1221.6247,23.3161,0.1909,50.9204,5,11,16,194,681.23,16.0449,Columbus,10887.6963,0.004288121448670893,0.09304737427565135,0.1111642814392757,0.11219200777966414,0.19962439396900067,0.03992295202502801,0.06156776546334569
18140,243239.0,389042.0,44263.0,105665.0,260120.0,1986512.0,163630.0,41379.0,73788.0,391972.0,269583.0,110674.0,363297.0,223416.0,50.0684,0.379,16.5419,1307,3230,4541,75380,479.14,17.8581,Columbus,2150142.0,0.8468338731939218,0.12097800006790246,0.11312689435074784,0.10390750754717244,0.18093773297869026,0.04914324303081237,0.07610191508192711
805009,8857.7153,11330.8249,1476.115,3202.3112,8742.03,59616.1429,6532.4555,3208.4387,2568.8122,7343.9171,7043.2858,1937.2043,12141.9189,10957.0932,58.977,0.0,0.0,31,89,121,1619,566.48,15.6727,Denver,66148.5984,0.0464774531136337,0.13215545084851188,0.13390429442123414,0.16564111445913177,0.17129090990823007,0.04841013819367345,0.09875276128660518
805128,8274.2847,12051.1751,1482.885,3366.6888,6235.97,62144.8571,9918.5445,4123.5613,2964.1878,11574.0829,9955.7142,4327.7957,7268.0811,4768.9068,15.9049,0.0,0.0,2,25,27,366,2671.42,16.699,Denver,72063.4016,0.05063332330671055,0.08653329329803247,0.11481792003112949,0.06617562477615856,0.1672278522049089,0.046717779170457996,0.1376344530695444
805007,10353.8567,8964.6554,871.0,2721.0,9339.6354,61802.4923,5104.1947,2325.9175,1935.5451,5994.5,7049.9423,2064.428,19575.5027,11452.3118,100.1581,0.0,0.0,72,164,238,2072,282.41,16.1989,Denver,66906.687,0.047010102757234926,0.1395898710412751,0.15474838787955708,0.17116586020975436,0.13398543279488945,0.04066797287432758,0.07628711929617295
805015,10609.8265,8144.7216,1430.0,4091.0,12822.7622,52868.7426,11200.6606,4803.5,5429.7017,9906.2152,6744.0703,1665.1413,10654.3662,4663.069,162.2014,0.0,0.0,50,147,198,1558,324.7,18.0252,Denver,64069.4032,0.04501656505614627,0.2001355003178753,0.16559637477043376,0.07278039105581906,0.12712143506535636,0.06385163500890845,0.17481801331944793
805016,8104.0,9859.0,1410.0,3541.0,6029.0,54452.0,5703.0,2167.0,3483.0,11015.0,8146.0,3215.0,10227.0,4817.0,72.8476,0.0,0.0,26,46,72,497,847.6,15.3813,Denver,60155.0,0.04226621968834695,0.10022275417248487,0.13471640401622448,0.08007513797459938,0.16389055123345966,0.05886362125141299,0.0948035108717335
805011,10318.5197,9017.3141,816.0,1812.7029,5731.8253,57702.1438,4990.2033,1972.5032,2334.9506,4858.8429,5905.7498,2181.4379,21498.3522,12227.896,88.3674,0.0,0.0,102,242,346,2131,181.48,15.0794,Denver,62692.3471,0.04404901529892279,0.09142637241647608,0.1645871560110084,0.19504296014847802,0.14383207337162573,0.028913800009889724,0.07959701516718032
805129,16209.2221,7827.2662,472.7062,1150.6682,7090.9794,60411.9063,3349.9819,704.0488,1099.0809,4657.1412,8124.7633,2327.885,24048.2162,15237.6846,62.5481,0.0,0.0,181,457,641,8591,101.08,15.3323,Denver,63761.8882,0.04480049828617766,0.11120856661571363,0.2542109141787589,0.23897419063272607,0.1227558289933297,0.018046048924113826,0.05253811416905046
805012,11019.7654,11359.5056,894.1054,1669.6943,6595.0828,58866.0988,4323.8254,470.2924,516.0842,4724.3095,5900.5017,2266.3943,18564.4879,13800.1183,51.886,0.0,0.0,138,432,571,2730,111.7,14.7204,Denver,63189.9242,0.04439862386048028,0.10436756359388712,0.17438841953193018,0.21838766365123047,0.17976482768390972,0.02642300806861755,0.06842478496302797
805013,12374.5311,11900.054,930.9534,2997.3393,5047.1357,60046.2664,4151.5779,924.5535,855.3096,5672.0601,6966.2467,2591.7206,18366.6732,15522.3874,36.1734,0.0,0.0,138,299,438,4792,147.96,13.4926,Denver,64197.8443,0.0451068105843586,0.07861723610498078,0.1927531754648736,0.24178608772868518,0.1853624333857362,0.04668836850073951,0.06466748654539253
805014,12985.5031,10488.7137,1264.0,2633.3537,6712.1411,58064.4967,5596.7023,1084.2055,1163.6166,6011.3295,8180.9013,3122.668,16581.7724,10770.3336,24.9404,0.0,0.0,93,243,337,2893,190.68,14.9871,Denver,63661.199,0.04472975185034615,0.10543369857519373,0.2039750951738252,0.16917941524451582,0.16475575560938446,0.041364479100070045,0.08791248791138993
805018,9608.3512,10466.299,570.4325,1677.7718,5128.4501,61384.1976,3363.1125,1620.7931,1286.7142,4778.2585,5878.7638,2101.436,23363.3196,14220.3785,64.9902,0.0,0.0,66,219,286,1694,227.93,14.8048,Denver,64747.3101,0.045492877282289505,0.07920592973128421,0.14839539727230655,0.2196254771443062,0.16164590216849536,0.02591220986939704,0.05194131699817135
820000,118720.0,111421.0,11625.0,28866.0,79487.0,647407.0,64240.0,23406.0,23636.0,76546.0,79899.0,27807.0,182311.0,118447.0,67.1372,0.0,0.0,965,2612,3592,31464,200.13,15.5,Denver,711647.0,0.5000187589153526,0.11169426458024191,0.16682404784387786,0.16644043122442556,0.1565675727325869,0.040562188048023744,0.09026934664328432
1800123,7104.2345,4022.0227,961.4646,3403.6761,10379.475,36875.2464,3696.2342,1263.803,2604.6499,8660.3572,5516.4208,1723.5875,4236.9343,2890.8554,196.081,1.0,191.3117,15,61,76,649,537.3,20.1745,Indianapolis,40571.4806,0.0224764203969291,0.2558254966544984,0.17509983109092914,0.07125163059416188,0.09913179180865761,0.08389124967626456,0.09110200178393824
1800121,5287.7438,5198.1054,511.3647,3208.0103,4869.4892,36389.3482,2518.7041,1381.9088,1249.5267,5350.9792,5850.0073,2062.7595,6231.2148,3283.0439,57.7534,1.0,152.396,6,37,43,991,906.16,17.0629,Indianapolis,38908.0523,0.02155488849279275,0.1251505475500877,0.13590009232890002,0.08437738022213406,0.13359629938866438,0.08244894466370746,0.06473311353306849
1800118,5271.6037,7128.6757,638.8182,1667.3607,2851.6296,35336.0741,2132.0087,192.6277,395.1144,4039.0515,4468.0415,1923.8787,10021.2902,6060.5481,42.3158,1.0,74.1822,99,224,323,3323,116.59,15.1885,Indianapolis,37468.0828,0.020757151773251978,0.07610620241817076,0.14069209348246978,0.16174797051610776,0.19025487594801763,0.0444996401139555,0.05690047742508392
1800111,5313.7103,7505.7798,524.0495,1600.4652,3370.0944,37110.139,2357.4209,675.1412,796.9874,4698.5846,5303.9941,2163.1477,9390.3177,6548.2921,61.5267,1.0,92.9244,64,196,260,1754,154.01,15.0733,Indianapolis,39467.5599,0.02186485322286663,0.08538680936265931,0.13463147156782884,0.16591160449206052,0.1901711088273074,0.040550382483045704,0.05972908324937389
1800124,6979.9007,4311.9506,616.6002,4609.7625,9717.6313,36542.8895,4839.6313,1253.364,2993.8288,9215.2795,4651.8624,1942.5996,3639.683,1711.4667,170.413,0.9407,193.3417,1,12,13,409,3185.81,20.669,Indianapolis,41382.5208,0.022925733072345963,0.2348188629711757,0.1686637715948035,0.041356237142587446,0.10419487072738384,0.11139125939231348,0.11694585686387515
1800100,5714.1128,5729.9813,1043.8304,2150.0106,4621.7523,36053.6161,3084.482,975.7462,989.4476,4855.9915,5345.3667,2399.2132,7107.0965,4922.7947,45.9675,1.0,123.4999,15,53,68,3540,581.32,16.1418,Indianapolis,39138.0981,0.021682332846187823,0.11808530406580829,0.1459950044173348,0.12577690695432758,0.14640044298823535,0.05493255349182407,0.07880820329889002
1800122,3973.3027,6777.8545,470.7554,1123.3058,3084.4378,36861.6523,1264.7694,293.3528,501.0878,2878.7522,2865.0499,1072.3906,9436.4261,8167.0735,83.7491,1.0,71.1952,27,89,116,846,330.31,16.0723,Indianapolis,38126.4217,0.021121868605401602,0.080898147907022,0.10421115624506024,0.21420471502797686,0.17776849830892186,0.02946188726944524,0.03317217224788111
1800120,5569.7091,4737.7656,843.9482,3250.0159,8231.7028,33552.2649,6008.4343,1745.0754,1783.8626,6698.1316,5010.938,2069.816,4797.5796,2693.6022,83.3933,1.0,173.5124,7,25,32,891,1245.32,19.6208,Indianapolis,39560.6992,0.0219164519821753,0.20807252889683764,0.14078538618482797,0.06808610991107276,0.11975637285063831,0.08215056394746563,0.15187503119178458
1800119,4156.7551,7745.7684,340.4006,1577.3869,1814.6736,34898.7383,2061.1688,392.2871,587.6888,3717.4873,4118.7732,2387.358,9610.8179,5707.3883,15.301,0.8559,69.1935,36,161,197,1631,188.57,14.6458,Indianapolis,36959.9071,0.020475624688221127,0.049097106710349114,0.11246355747583914,0.15441688929761144,0.20956651250585787,0.04267716957628456,0.05576618545706634
1800113,4623.6429,6409.6039,766.6936,2186.5803,6601.2458,35807.5984,2842.3446,1100.3668,1604.2082,8479.368,5000.2595,2713.7387,3691.5827,1413.1763,47.2059,1.0,102.4964,1,14,15,251,2588.68,19.8791,Indianapolis,38649.943,0.021411897084804617,0.17079132584164894,0.1196256168963329,0.036562530958170934,0.16583305354283337,0.056572495527470054,0.07353881637506231
1800102,4726.6281,5216.4072,844.5474,2522.4829,5525.6363,32194.1172,4954.0346,1923.7183,1658.1564,8403.4516,5032.5995,1693.5691,3704.5999,1508.0804,107.8071,0.8895,131.5597,5,27,32,305,1177.65,19.2958,Indianapolis,37148.1518,0.020579911417522644,0.14874192363121463,0.12723380941365126,0.04059528487000341,0.1404179354641416,0.06790149378323088,0.13335525469520948
1800114,3890.3452,8549.8734,616.3378,1618.2134,3765.8548,39213.0131,3515.4354,1669.59,1870.312,6954.8881,5147.6926,3252.1614,5794.0134,2801.0043,58.8588,1.0,95.5369,16,28,44,749,973.58,17.0524,Indianapolis,42728.4485,0.02367137105157889,0.0881325393188728,0.09104599606521953,0.06555208172181301,0.20009323078438518,0.03787115108682014,0.0822719581789126
1800103,7087.8258,3628.2943,720.8711,2105.0171,8426.606,34993.7707,3731.3513,1010.2423,1406.4545,5318.417,4307.1176,1759.0003,6154.7435,4612.512,159.568,1.0,159.5166,105,166,271,8019,144.19,19.6479,Indianapolis,38725.122,0.021453545917532225,0.21759488337097113,0.1830244143733266,0.11910596160390136,0.09369113437178139,0.054356516771805856,0.09635230968905173
1800104,6561.4947,4384.387,673.0977,2116.9097,8919.1828,35660.7091,3482.9985,1523.4482,2653.9785,7186.0783,3984.583,1125.4022,6917.0503,4960.285,151.872,1.0,138.4336,18,31,49,469,808.07,19.234,Indianapolis,39143.7076,0.02168544048432062,0.22785156274867666,0.1676215024275721,0.12671661903025686,0.1120045919055479,0.054079078112720405,0.08897750714070987
1800105,5253.5143,5671.2581,974.0161,2516.8715,6159.1375,35789.4792,3066.7254,970.1541,2039.8118,8368.9977,5727.2847,1826.4502,4884.0941,2620.8656,103.7638,1.0,121.7189,38,155,193,1779,205.0,18.1672,Indianapolis,38856.204600000005,0.021526165096836282,0.15850696321062682,0.13520052083211356,0.06744863988491853,0.1459512633083235,0.06477232538750355,0.07892295474080499
1800106,5909.6101,4171.7471,1336.7399,3882.6729,8252.2229,33614.2582,5460.6999,1195.1489,2074.3105,8042.3302,6013.8854,1684.5184,3307.3635,1439.3615,79.0413,0.9779,185.4804,3,15,18,232,2170.83,20.3082,Indianapolis,39074.958099999996,0.021647353566090703,0.21118414752318002,0.1512339143387504,0.03683496374718449,0.10675994403832673,0.0993621932458772,0.13974577119837786
1800115,5424.9202,5504.083,665.7453,2196.5279,6309.0911,33728.4616,3561.5441,1796.3171,2217.4599,7840.718,4099.3926,2070.0172,3747.1815,1393.3396,78.2087,1.0,124.1894,19,83,102,1041,369.01,19.2238,Indianapolis,37290.0057,0.020658497849276973,0.16918532985555815,0.14547529888688412,0.03736395878430278,0.1475981378533859,0.0589023508153871,0.0955067859701086
1800107,5193.4911,5712.6155,1009.2858,2093.6737,6113.8852,34048.4786,4892.677,1508.6067,1905.0021,7991.9175,6012.5295,1688.1173,4895.4149,1708.8279,89.1713,0.8786,134.0261,4,16,21,293,1878.99,18.2614,Indianapolis,38941.1556,0.021573227574244104,0.15699914670363035,0.13336424293882695,0.04388118412222666,0.14669489687930887,0.053763682768500874,0.1256396037819745
1800108,3995.8189,6052.0,1015.0,2547.0,8417.7167,34108.1843,3922.5279,2006.9961,3512.8551,9579.0597,3700.9331,1277.7443,2591.8269,937.9882,96.5226,1.0,121.0532,15,96,111,661,343.76,20.1389,Indianapolis,38030.7122,0.021068845966686765,0.22133415018848404,0.10506544851272828,0.024663317682552297,0.15913035858532815,0.06697042685340893,0.10313834621413652
1800109,5360.3609,4692.639,668.8432,2109.4443,7758.4126,34030.3511,2917.055,2340.4776,2730.6132,7403.2646,4239.0184,1238.1687,5789.6698,3022.1213,140.3751,1.0,126.5815,46,95,141,5446,277.26,20.1507,Indianapolis,36947.4061,0.020468699189638707,0.2099796288641528,0.14507691848715498,0.08179300865700942,0.12700518088113144,0.05709161835806498,0.07894941373397972
1800110,5657.9031,4709.0231,573.4918,2828.8615,8039.8937,31487.1444,3908.7576,1668.0776,3454.7543,8275.4218,4753.0212,1565.9639,2869.3953,1305.0001,117.5161,1.0,126.0847,0,11,11,303,3268.9,21.1957,Indianapolis,35395.902,0.019609172796136592,0.2271355188089624,0.1598417595980575,0.036867636043402895,0.13303489384466471,0.07991833579108137,0.11042654523833752
1800112,4261.51,6797.5442,1190.1019,2322.5775,4406.9947,37984.7931,2405.4157,920.5654,1977.2492,8017.3987,5187.4878,2245.6918,4826.2485,2106.4797,46.8583,1.0,99.9158,10,15,25,561,1615.89,18.0393,Indianapolis,40390.2088,0.02237599662331636,0.10910776951047824,0.10550587928925761,0.05215193510128372,0.16829266570501847,0.05750205475405331,0.05955295153236414
1800116,3525.0995,7529.0084,562.6839,1144.4333,2957.7048,32394.0614,2967.0959,1324.0432,1095.211,7312.6234,4586.9119,2212.9586,5597.7905,2518.7818,28.3439,1.0,83.667,2,13,15,434,2371.91,16.9958,Indianapolis,35361.1573,0.019589924386361642,0.08364039486923497,0.09968564615824499,0.07122817136498627,0.21291145605531256,0.03236322066810104,0.08390596407419973
1800117,2713.5881,8467.8195,468.8608,1376.5679,2313.9539,37593.5399,1695.1499,833.5926,1225.1571,5436.7834,5103.2113,1818.694,6951.7536,4282.2484,13.9186,1.0,53.3189,12,12,24,1232,1647.42,15.7706,Indianapolis,39288.6898,0.021765759980407032,0.058894684884989855,0.06906616249232897,0.10899165714461814,0.21552268656496237,0.03503636468007951,0.04314490413716628
1836003,116884.0,132322.0,17489.0,53126.0,137526.0,800079.0,77435.0,29112.0,40990.0,155079.0,110363.0,42999.0,128268.0,74338.0,87.5815,0.9964,125.2589,597,1758,2357,39954,375.84,18.2,Indianapolis,877514.0,0.48613886593507366,0.1567221073144049,0.13319886269750375,0.08471422140932064,0.15079172435798818,0.060541415246463025,0.0882435058090175
1202844,11379.781,5476.9052,1546.5585,7896.4047,19130.8681,55058.6073,7452.8934,1665.5918,4999.2072,15531.4568,10337.4618,3612.0856,4467.3724,2137.8313,178.9883,0.0,0.0,14,80,94,708,667.94,21.6494,Jacksonville,62511.500700000004,0.03199369413705154,0.30603267963650665,0.18204008594396226,0.03419846072483227,0.08761295962680948,0.1263172103431786,0.11922244857499356
1202843,14384.073,14325.5571,1991.8587,3543.0299,7548.752,71345.445,8355.3142,1154.4431,1310.3517,9267.9221,9357.025,6339.644,20522.179,9858.4607,10.3535,0.0,0.0,43,151,194,2864,419.14,16.413,Jacksonville,79700.7592,0.04079124135209885,0.09471248910651398,0.18047372033414288,0.12369188332796548,0.17973953453213112,0.0444535972049159,0.10483224315078858
1202845,7571.0382,12839.2503,1566.3779,4384.0062,6928.3379,62229.5588,8026.6442,1682.0063,3617.1615,17012.1839,9859.5497,4954.9702,7033.7081,3278.8223,32.1789,1.4897,85.9757,7,26,33,439,2161.5,19.3179,Jacksonville,70256.203,0.035957470942824483,0.09861391578597288,0.10776173654393843,0.046668841912195114,0.18274639114227192,0.06239938415994158,0.11424656629157298
1202825,11472.2796,11731.5054,1646.1124,5208.3948,11125.8627,66785.1975,8814.2009,1416.2479,3308.8716,16357.3093,12031.265,6584.6555,10300.7416,3262.6093,37.7336,0.2434,35.1166,16,44,60,1531,1313.95,19.6287,Jacksonville,75599.39839999999,0.03869214468170179,0.14716672048648888,0.15174893046595375,0.04315598024679193,0.15517782509463604,0.0688937480519944,0.11658934458736928
1204215,7417.4655,14037.0243,1227.7717,3336.7368,4929.3285,63061.5527,6558.6979,1049.4025,1821.6021,12281.516,9856.8815,4925.0432,13054.8689,6076.1661,20.8386,0.0,0.0,5,20,25,505,2841.33,17.2052,Jacksonville,69620.2506,0.03563198737030606,0.07080206772384522,0.10654025080095302,0.08727458997985883,0.20161982410583126,0.04792698739600061,0.09420540199259218
1202238,10982.546,15113.3742,1080.9502,2749.4498,6240.5516,70844.9263,6684.9927,1177.4981,1051.5217,8652.3449,9196.6107,4746.6514,17219.1961,9334.239,10.5114,0.0,0.0,16,77,93,4662,850.42,17.0087,Jacksonville,77529.91900000001,0.03968019463907032,0.08049113412418082,0.1416537575157596,0.12039376187453676,0.19493351033282605,0.03546262362761364,0.08622357101171468
1202243,12431.6078,10242.1408,2195.5737,6332.1745,15960.9351,66490.3459,10815.4388,2182.273,4072.156,15598.3526,11361.4039,4821.5267,8668.0396,3630.9987,82.083,0.0,0.0,18,75,93,969,844.26,20.4307,Jacksonville,77305.7847,0.03956548159971719,0.20646228092319044,0.16080875499146194,0.04696869380987203,0.1324869588063465,0.08190968651164197,0.13990284089515367
1204310,9863.0562,14797.2233,1078.7816,2693.3204,4860.9808,61806.0576,5380.908,819.0,1162.3084,9958.0991,8663.9252,4362.18,16266.8807,10491.2659,23.4667,0.4609,30.4619,36,107,143,1607,496.58,16.6749,Jacksonville,67186.9656,0.034386620115216704,0.0723489803060803,0.1467979587106296,0.15614799177667021,0.2202362159332891,0.04008635141648046,0.08008737802890106
1202236,11855.836,10532.0234,1691.562,4222.7178,12348.2403,61210.3242,9161.347,2050.2132,2433.157,14808.9724,9603.487,4160.8591,11307.4565,4784.0651,59.2556,0.0,0.0,56,158,214,3296,336.55,18.6139,Jacksonville,70371.6712,0.036016568136652626,0.1754692565940285,0.1684721611079046,0.06798186026509677,0.1496607023778856,0.06000508049494078,0.1301833061582008
1202240,11936.8545,12579.86,1533.919,3536.0189,9445.3732,65624.5523,8159.353,2350.2335,2494.4414,13261.2904,10002.0805,4993.9997,13896.5286,7036.4187,73.6783,0.0,0.0,137,436,573,5319,130.42,17.4783,Jacksonville,73783.9053,0.03776296636572949,0.1280122697399464,0.16177908545746958,0.09536393211309036,0.17049367955209668,0.04792333724117418,0.11058295686394275
1202239,8026.9595,16049.08,1470.1413,3043.8703,5046.058,64920.3164,6836.3844,1228.8299,1420.0275,12339.2933,10275.3412,5331.819,15008.5428,7296.2052,10.6329,0.0,0.0,15,96,111,1858,657.17,16.3546,Jacksonville,71756.7008,0.03672543311184851,0.07032078708965546,0.11186199405095765,0.10167835812264486,0.22365655283091232,0.04241872671594851,0.09527039361328031
1202234,11719.5105,8722.4827,1165.6319,4404.313,13862.7574,58738.8311,7007.1261,1313.9477,5019.9342,12588.5419,9552.5873,4143.1157,11945.0601,7251.2325,136.1542,0.0002,0.0414,53,199,252,5372,274.95,19.9242,Jacksonville,65745.9572,0.0336491049142975,0.2108501745233618,0.17825175489642278,0.11029000898006576,0.13266747346902313,0.06698884918129716,0.10657719229020077
1202230,9529.6621,11198.0305,1030.7909,5393.7883,8645.2326,63185.6664,7031.6838,1602.1114,3172.4837,16277.3179,10320.5389,4856.9542,7927.9516,3567.0991,47.8889,0.0,0.0,32,109,141,1250,510.47,19.7792,Jacksonville,70217.3502,0.03593758588830414,0.12311927829942093,0.1357146966976162,0.05080009840504626,0.15947441755759167,0.07681451194220738,0.10014025934776234
1202233,11612.8822,7266.0664,2695.025,6046.2406,15435.9235,57929.42,9840.637,1511.8913,4480.3126,18655.517,9657.3356,4158.4997,5114.1604,2012.1336,131.0626,0.1885,6.3551,27,100,127,935,537.74,21.5643,Jacksonville,67770.057,0.034685049167417416,0.227765718631185,0.171354597582859,0.029690161096351204,0.1072148896836595,0.0892156750631763,0.14520412452767265
1235000,144185.0,154831.0,21163.0,61114.0,138925.0,847546.0,106967.0,20503.0,39445.0,186940.0,135158.0,65475.0,150808.0,71666.0,61.8725,0.1016,7.8212,467,1670,2138,31739,457.28,18.8,Jacksonville,954513.0,0.4885244575777633,0.14554527225373332,0.15105593003350395,0.07508114076901963,0.16220924994290287,0.06402630029522878,0.11206435945413058
2106515,4679.6096,3979.3438,613.6555,2386.489,6704.301,27644.9953,2913.8838,1337.9558,2339.0093,6074.3326,4659.6431,2012.7766,2586.6034,1745.6802,138.8695,0.0,0.0,1,16,17,372,1799.46,19.2132,Louisville,30558.8791,0.021830546383754503,0.21938244513539323,0.15312919218976884,0.05712326918204333,0.1302146447300572,0.07809222648397193,0.09534997800433052
2106514,3296.8281,6510.2205,525.2544,1289.461,2562.8346,29521.2261,1815.923,545.552,766.4431,5878.7401,4739.7495,2336.5559,4478.3197,2928.8713,25.5392,0.0,0.0,3,28,31,344,1011.81,15.2278,Louisville,31337.1491,0.022386524215221647,0.08178002446226157,0.10520174913584798,0.09346025161390274,0.207741065984015,0.04114668661143105,0.05794608335691402
2106511,2685.7747,6365.1339,657.4077,1302.7663,2319.6074,30509.1334,1196.3946,557.7624,1118.7198,6011.1116,5439.7414,2423.9055,3967.8662,2613.8686,33.9113,0.0,0.0,0,4,4,137,7949.74,16.0778,Louisville,31705.528,0.022649685460008485,0.07315866940713281,0.08470731011607452,0.08243944590842617,0.20075152662568416,0.041088267375097014,0.03773338411572532
2106508,3183.4021,4901.4654,1055.1032,1976.4261,5212.3528,28989.7029,2340.1056,613.1229,1620.0093,6985.2862,4103.0156,2013.7031,3917.6629,1653.3108,46.7161,0.0,0.0,9,9,18,480,1754.32,17.5135,Louisville,31329.8085,0.022381280262776266,0.1663650907700004,0.10160612676177826,0.05276949045218543,0.15644235290002173,0.06308251189879124,0.0746902398002273
2106506,3109.3786,4706.8866,1022.0339,2200.1735,3828.2012,27365.773,1661.7607,816.471,1466.4216,6338.6666,4205.8448,1694.0479,2341.1979,1793.488,62.4498,0.0,0.0,6,10,16,191,1824.5,17.784,Louisville,29027.5337,0.02073658915204933,0.13187718124391518,0.10711455949288957,0.06178362360755411,0.16214689479820332,0.07579347695402196,0.05724576780810669
2106312,3715.5255,2720.531,623.5296,3407.3799,7648.4339,26778.002,1065.7131,434.1204,2288.315,7565.1408,4039.2813,1808.733,1146.0831,728.9734,139.5069,0.0,0.0,2,7,9,167,3097.97,19.6697,Louisville,27843.7151,0.019890896914036213,0.2746817079123212,0.13343736815608503,0.026179955419978418,0.09770367519400476,0.12237079416194134,0.038273442417085454
2106311,3972.2636,3890.3597,617.6334,2715.0138,4589.9128,25856.4774,3054.7534,1253.0096,1795.8003,6695.1186,3906.4225,1605.2825,2513.164,1114.6768,113.794,0.0,0.0,15,23,38,318,765.89,17.811,Louisville,28911.2308,0.02065350508850411,0.15875332594536426,0.13739042232604204,0.03855381508645123,0.13455757623517586,0.09390537239347163,0.10565609485934237
2106310,4347.8162,2842.3529,1023.4231,2866.3427,5488.7781,26494.0739,1253.9167,941.6963,2007.8192,7763.534,4815.3566,1524.622,1924.2494,849.7962,170.6757,0.0,0.0,5,30,35,425,798.57,19.5207,Louisville,27747.9906,0.019822513576726184,0.19780100037224418,0.15668376059776387,0.03062440044215518,0.10243085743090057,0.10329538617523623,0.045187831084565644
2106309,5406.9387,2010.5704,475.2702,2519.3433,9798.3572,25256.4642,1526.8382,739.922,1780.643,6089.1972,5144.2178,1524.1754,3341.315,2578.2774,168.6007,0.0,0.0,136,296,432,8775,67.85,20.1314,Louisville,26783.302399999997,0.01913336295614728,0.3658246182286234,0.201869685431867,0.09626076354335068,0.07506525165277406,0.09406044116347792,0.05700496422113275
2106308,4745.207,2483.491,1163.3316,2569.6227,8483.1311,24536.1523,1744.7773,583.0124,2612.6675,7705.2821,3582.2272,1507.0702,1484.4931,819.6987,240.7237,0.0,0.0,6,16,22,278,1203.68,20.9132,Louisville,26280.929600000003,0.018774479612407864,0.32277428747088643,0.18055017543308538,0.03118868030146462,0.09449424139694826,0.09777146271634483,0.06638695584969528
2106307,4885.4447,1977.0801,556.3182,1974.6274,7881.9125,26048.4804,1715.5363,822.0844,1100.8182,4544.2766,3510.092,1143.4478,3024.8988,2532.3107,170.3934,0.0,0.0,23,55,79,397,354.61,22.4983,Louisville,27764.0167,0.0198339622466285,0.28387926379313144,0.17595684356278454,0.09120508470646804,0.07120759628428389,0.07111925850201271,0.06178769199155569
2106306,4096.3286,5395.8871,599.6971,1245.6352,2150.9384,28313.3548,1671.5186,514.8526,561.8981,3777.3273,4550.2103,1559.8574,6772.2142,5270.6038,35.8211,0.0,0.0,32,59,91,696,335.17,14.1108,Louisville,29984.8734,0.02142049017660817,0.07173172417915964,0.13660861384147643,0.17576956087595566,0.17994763827689608,0.04154073431124404,0.05574353555431205
2106305,3511.8862,5997.3041,383.134,1183.3392,2345.674,30917.0941,948.2525,258.1512,396.0,2261.1308,3428.8932,1305.799,7950.9242,7500.6692,49.9075,0.0,0.0,18,56,76,783,424.98,13.7779,Louisville,31865.346599999997,0.022763856118849395,0.07360975606786377,0.11020674080034014,0.23537901266661052,0.18820180974244474,0.037134448289720165,0.029757176494151362
2106304,3511.5752,5451.0055,343.9332,881.094,1849.744,26363.5589,950.6105,179.5454,433.4663,2383.1007,3689.4404,1061.2222,7202.9911,6296.9051,45.0277,0.0,0.0,39,89,128,1306,217.23,13.7186,Louisville,27314.1694,0.019512601887954326,0.06771856227258104,0.1285576943923328,0.23052777040438197,0.19955964468593046,0.032256581941607874,0.03480155975163017
2106469,3772.3659,4570.0934,901.5542,1603.5197,2850.2553,26956.1398,3026.78,584.7364,958.9699,5517.4773,5226.3474,1201.5328,5327.7174,2734.5933,72.777,0.0,0.0,26,93,119,1809,256.06,15.7894,Louisville,29982.9198,0.021419094570595404,0.09505946250563277,0.12581296658884472,0.09120199487726752,0.15241814380786864,0.053479321939755194,0.10094677481094384
2106465,3118.0946,6178.2131,582.7554,1165.3237,1698.7206,28139.4593,1098.1384,523.51,676.6619,4984.5653,4667.0639,2285.7405,5387.5133,3408.0637,24.8151,0.0,0.0,16,47,63,1338,469.13,14.5192,Louisville,29237.5977,0.020886653946001706,0.05809856606084772,0.1066430966352398,0.11656043613883714,0.211303331417977,0.03985566311889164,0.03755783404072077
2106461,3088.0143,4813.6365,478.8156,1973.3146,4304.3304,26844.3515,1464.2607,487.8013,1428.9795,6929.7368,4331.2932,2383.6118,2599.4008,1257.6836,57.1158,0.0,0.0,7,23,30,536,951.24,17.4342,Louisville,28308.6122,0.020223008496794592,0.15204483797202986,0.1090800636258804,0.044426027142823246,0.17003540938649805,0.06970475561653931,0.05172309283699761
2106458,4424.6514,4472.5336,1379.7461,2548.196,7423.6082,28914.7817,3986.5343,960.4966,2308.0516,7973.8365,3982.4848,1672.5818,2820.9405,1210.5549,63.5907,0.0,0.0,0,5,5,157,6597.51,19.3758,Louisville,32901.316,0.02350392835660534,0.22562570367386903,0.13447841787186043,0.03679239175746778,0.13593370144521133,0.07744731404318164,0.12116272605247606
2106456,2754.4716,5097.5548,1050.7334,2344.572,4499.223,31705.9451,1602.3678,935.46,1846.7924,8724.8015,4911.4534,2290.574,2146.9295,1413.6999,71.2163,0.0,0.0,0,6,6,152,5564.03,18.2267,Louisville,33308.312900000004,0.02379467739469733,0.13507402609916938,0.08269373818275308,0.04244158095497671,0.15303692439720062,0.07038788242311657,0.048105699592500446
2106454,4028.2145,2623.4421,916.5522,1863.3849,6176.8614,24650.5168,1950.6594,1098.8322,1771.3341,5093.1878,3636.7226,1370.3019,3406.3952,2120.0552,133.0032,0.0,0.0,10,15,25,843,1075.08,19.8532,Louisville,26601.1762,0.019003256271154477,0.23219383833718082,0.1514242470132951,0.07969480331462506,0.09861757475315121,0.07004633327704972,0.0733270611146467
2106453,2758.4276,7769.7149,514.1446,520.4822,944.5244,29653.5185,598.5234,92.0349,177.2324,1671.9256,2941.8819,1243.6869,8625.0133,8045.8523,10.524,0.0,0.0,3,25,28,402,1087.17,11.2157,Louisville,30252.041899999997,0.021611349085812335,0.031220807584311054,0.09117852046474706,0.2659518446639245,0.25682425343152027,0.01720429309953126,0.019783908077025476
2106451,4064.0645,5884.0409,434.583,1506.0818,2418.3683,29458.6873,1565.4807,422.4775,494.0178,3666.1429,4323.9361,1806.0108,6295.0564,4779.0929,15.7304,0.0,0.0,15,62,78,1364,399.47,13.7824,Louisville,31024.168,0.022162937859242105,0.0779485964427332,0.1309925058262376,0.15403922712038173,0.18965379655639575,0.04854387251021493,0.050458411699817386
2106449,3425.8,7268.192,320.5457,823.4054,1645.4873,30014.1054,1215.5737,135.059,329.4518,3375.4542,3742.2824,1623.9466,7366.0412,6275.9473,17.1093,0.0,0.0,27,77,104,1974,303.78,12.5506,Louisville,31229.6791,0.022309750168235675,0.05268816905105339,0.10969342001916314,0.20095455753314054,0.23272603124406602,0.02636527362608647,0.03892242291971166
2106447,3664.5105,7907.1149,525.045,1065.3909,2281.7861,33070.9237,1338.9506,165.4225,334.6566,2613.4167,4097.9695,1543.9172,8752.3653,6522.516,8.9883,0.0,0.0,17,40,57,760,604.8,13.0228,Louisville,34409.874299999996,0.02458160701860665,0.06631002979194865,0.106492804223809,0.189548104565306,0.22978535305625758,0.03096087854995304,0.03891068237112476
2106516,2388.8269,6380.0735,445.3657,832.4503,1512.4822,26865.0213,675.5535,191.4372,415.5501,3623.5249,4021.1155,1595.7043,5625.7759,3395.4768,10.7772,0.0,0.0,3,10,13,170,2129.71,14.0679,Louisville,27540.574800000002,0.01967434059473276,0.05491632962106436,0.08673530534644663,0.12328549927362903,0.23165245801412923,0.030225225174850927,0.024528499365257788
2106505,4353.5792,6022.7582,534.4337,1860.1641,3278.1738,29774.0608,1822.1933,383.4742,870.2711,5073.6852,4575.3136,2356.1929,6100.8681,4383.3339,39.9495,0.0,0.0,37,114,152,3847,210.43,15.0132,Louisville,31596.2541,0.022571622749178108,0.1037486925169235,0.13778346644368697,0.13872515270243055,0.19061017710396552,0.05887106816664806,0.057669356148261
2148006,78849.0,98397.0,15071.0,39729.0,98181.0,587443.0,37532.0,13818.0,28351.0,118951.0,88461.0,37077.0,85782.0,60474.0,81.553,0.0,0.0,469,1233,1708,28946,369.92,16.2,Louisville,624975.0,0.44646747943667126,0.15709563247228694,0.12616324466859527,0.09676211566524155,0.15744124574383656,0.06356884104349607,0.0600535060546325
1203245,20472.5808,10930.9057,2656.6082,6561.1283,21556.633,71304.0141,16740.7864,10641.37,7716.1781,20824.0843,7772.2486,5939.2726,10968.8378,4709.4277,160.6387,11.9016,267.5969,100,192,292,10539,309.85,15.7308,Miami,88044.8005,0.09710579222473777,0.24483431211463633,0.23252194521191275,0.05348838528647372,0.1241502222471133,0.07451949170477473,0.1901372502144495
1203239,22040.813,9461.8025,3161.5665,8158.2863,24606.1285,77611.9116,18122.8706,6739.1383,7494.5882,21652.1735,9372.6124,6466.9914,11118.321,7145.0298,176.0935,12.0,267.8778,47,134,181,1403,537.76,18.5032,Miami,95734.7822,0.10558717625799746,0.2570212300411956,0.23022544437935347,0.0746328032821985,0.09883245618898802,0.08521668818620672,0.18930090905968489
1204340,20611.5707,14918.6029,2019.5126,2375.2963,8179.7973,80143.8501,9076.4936,915.5442,1475.7162,7629.7457,6093.4111,4195.9296,26658.798,25013.4324,39.2542,12.0004,144.4494,45,127,173,2112,517.08,13.0403,Miami,89220.3437,0.09840231459837188,0.09167982638217094,0.2310161430577065,0.28035256321744906,0.16720890183141235,0.02662251207498907,0.1017300706714194
1203246,17305.2459,13234.034,2538.4475,5865.0296,12874.8097,79202.922,11003.9156,6710.4887,4781.715,18756.728,8180.1441,4945.4339,17497.5076,8337.333,169.2244,11.9989,230.3518,49,142,191,2779,474.87,13.2431,Miami,90206.8376,0.09949033196158201,0.14272384797748439,0.19183749838606043,0.0924235989002357,0.14670603300217008,0.06501685170646414,0.12198403035436468
1203248,22374.4125,11527.5146,3283.1237,6383.8947,20765.0283,70287.032,18990.6865,11159.3514,7834.4396,19350.5885,6469.8141,5270.7687,12388.4917,6439.5948,177.2358,12.0,257.1635,51,155,206,2264,437.2,15.3282,Miami,89277.7185,0.09846559403538688,0.2325865407667114,0.2506130562346725,0.07212911327798685,0.1291182802987926,0.07150522327445817,0.21271235540864086
1245000,103102.0,60493.0,13705.0,29370.0,87838.0,379997.0,74208.0,36374.0,29256.0,88582.0,37977.0,27009.0,78987.0,52021.0,143.0769,11.979,236.3035,599,1925,2527,57871,181.93,15.0,Miami,454205.0,0.5009487909219241,0.19338802217496026,0.22699391905875307,0.1145317322976799,0.1331840618573951,0.06466228979802116,0.16337961189416256
4706573,4361.6521,3394.0706,451.3639,2072.8585,4269.7794,20125.1282,2688.5375,663.244,932.9315,4343.3136,3408.555,1206.8733,3197.5378,1840.499,73.7221,0.0,0.0,0,14,14,165,1642.12,21.1504,Nashville,22813.665699999998,0.01635530504113936,0.18715064494677214,0.19117755909086148,0.0806717496632002,0.14876705381661587,0.09085640470287495,0.11784251127554327
4705632,3502.2131,2616.69,931.9535,847.2344,3837.7408,15662.1278,4309.6491,853.6562,1251.5246,3152.4712,2754.9189,711.9592,3576.6169,1269.1365,57.1012,0.0,0.0,3,30,35,226,571.19,21.1753,Nashville,19971.7769,0.014317931528780168,0.1921485840058625,0.1753493326208435,0.06354331730406501,0.13101282876694026,0.04241945945934038,0.2157761597987909
4705647,3125.6999,3753.0038,139.4305,324.747,1210.423,17465.5316,693.6055,55.6769,155.3556,933.2239,1820.5281,385.9378,5403.7054,5727.574,33.4038,0.0,0.0,10,17,27,1362,674.86,16.2037,Nashville,18159.1371,0.013018435110775328,0.06665274569981082,0.17211873912559836,0.3153926629771974,0.2066616446414383,0.017882409048552834,0.038193847115834824
4705631,3419.3796,2984.0795,637.5324,1048.2056,2542.3238,17303.1783,1892.2136,291.8327,579.614,3223.7344,3645.6715,1058.1093,4049.7335,1645.173,22.639,0.0,0.0,13,14,27,747,721.38,19.0471,Nashville,19195.3919,0.01376133472091316,0.13243758583611748,0.17812616130221848,0.08570219906794048,0.15545001975084705,0.05460430300967132,0.0985713153730728
4705630,3725.5128,3527.7099,374.5496,958.3206,1800.8253,18030.8462,2453.1737,283.8203,1005.0856,3892.339,2933.8328,866.78,5067.9418,1747.6775,59.5809,0.0,0.0,6,15,21,620,979.05,18.6118,Nashville,20484.0199,0.014685162758971654,0.087909375182008,0.18186522728249827,0.08531490369701814,0.17220924935493961,0.046781531317916854,0.11975451876422145
4705629,2946.0954,2216.4817,786.1079,803.4209,3608.3825,14974.1286,3586.303,1100.3483,1072.8341,2460.8016,2290.7456,621.3313,3102.1172,1853.4662,102.0292,0.0,0.0,7,35,42,279,442.22,20.8047,Nashville,18560.4316,0.013306126446536047,0.19440216561744086,0.15872134561000134,0.09985577836571614,0.11941329460815941,0.043284425324175965,0.19321262913793782
4705627,4273.991,2030.3666,458.8625,1521.1846,5860.2018,18484.8232,2573.6211,437.332,1243.2855,2592.4165,1654.6541,635.5646,4354.2288,3193.0612,90.866,0.0,0.0,31,140,171,763,125.07,23.1416,Nashville,21058.4443,0.015096972347514606,0.2782695362954093,0.20294889737427688,0.1516213416894386,0.09641121442126563,0.07223289362863199,0.1222074553980515
4705623,6916.3044,2385.9781,120.2251,409.026,3260.4938,19832.617,1950.826,208.4016,514.0322,1173.0339,1848.7499,606.8126,8732.7034,4919.755,30.073,0.0,0.0,47,155,202,2570,109.55,18.9224,Nashville,21783.443,0.015616729893226758,0.14967074439314332,0.31748823690373906,0.2258379982448943,0.1095266975611908,0.018776059594454633,0.08955133716294697
4706577,2138.568,3513.6939,455.1689,1704.8805,1901.9605,17744.2131,1461.5273,183.7769,629.9135,4139.8545,3742.2281,1048.4871,3053.3349,1877.4477,62.3413,0.0,0.0,1,5,6,103,3332.46,18.8736,Nashville,19205.740400000002,0.013768753645887515,0.09902567850607277,0.1113446610649249,0.09774941821986617,0.1829406670170853,0.08876469741841253,0.07609449961639507
4706567,3777.5818,3990.0118,370.3926,889.0456,2438.0042,19869.5015,2794.2796,552.586,434.1829,3092.2097,2797.5359,911.5272,6441.9319,2893.5296,72.7536,0.0,0.0,7,11,18,233,1260.6,18.8915,Nashville,22663.7811,0.016247851535586805,0.10756795705386274,0.16667188548315606,0.12766633779666198,0.17604457693174017,0.03922586307264181,0.12328729704784132
4705635,4205.4789,3078.7453,376.3417,1918.1897,2589.4929,18855.9487,1856.9498,500.8203,897.5936,5190.9915,3182.128,981.6349,2693.8531,1592.3761,49.1818,0.0002,0.064,11,21,32,580,651.4,20.1197,Nashville,20712.8985,0.014849247714437137,0.1250123389375496,0.2030269145134606,0.07687476599347053,0.14863186183904495,0.09260399243532066,0.08964752820431171
4705601,2842.1797,3565.0881,261.3053,743.7833,1270.4486,16109.5387,3226.1329,442.1675,652.3375,2467.3537,2028.9112,714.3439,4416.5441,2691.5787,10.8626,0.0,0.0,2,10,12,171,1616.95,18.5535,Nashville,19335.671599999998,0.01386190239446242,0.06570151400823294,0.1469839152669894,0.1391955531788625,0.18436927376891482,0.038464908304074424,0.16684013498993283
4705600,4523.3348,3010.764,587.5468,1943.7697,3667.9703,18971.745,3416.6421,486.2602,721.9354,4060.6424,2769.5876,1477.3733,3554.9312,1129.7439,12.0854,0.0,0.0,1,10,11,282,2045.67,22.1301,Nashville,22388.3871,0.016050419306337493,0.16382629339594562,0.20203030926201637,0.05045890246812518,0.13447281904380493,0.08681656587196172,0.15260096601751105
4705598,3463.0011,3845.555,496.8414,1040.7451,1855.052,19780.9083,3412.7331,460.209,1237.2863,3174.9092,2503.6496,909.5057,4108.5713,2329.8514,11.3856,0.0,0.0,0,2,2,59,11602.43,19.9571,Nashville,23193.6414,0.01662771275340458,0.07997761069071754,0.14930177364156189,0.10044783016132339,0.16579497538599583,0.044870066411115114,0.14713454893077157
4705634,2743.1291,3529.4731,612.3164,1134.8053,2423.8536,17520.5927,2019.5953,368.0748,605.6209,3730.4636,3098.9762,1533.2319,3569.9001,1654.1185,39.8405,0.0,0.0,4,5,9,207,2179.8,17.8063,Nashville,19540.188000000002,0.014008521887879285,0.12403819051328914,0.14037678261935763,0.0846477962342924,0.18061712010549205,0.05807248259420051,0.10335069188219262
4706575,4163.8936,2066.9351,368.1297,2945.1162,6317.688,19484.3341,3027.8914,1327.9803,1153.9879,4117.9991,2667.512,778.4234,3207.3744,1670.6322,98.3745,0.0,0.0,31,114,146,881,154.49,21.6817,Nashville,22512.2255,0.016139200076356695,0.2806211842012598,0.1849532222737253,0.07420670130097529,0.09180981641213518,0.13081715900726887,0.13449389559927785
4705653,4417.7937,1520.1675,308.7749,1495.5276,4188.7068,17667.4529,2529.5997,148.7469,1225.7894,3262.79,2458.6118,554.0602,3177.06,2179.5825,134.6407,0.0,0.0,58,88,146,3901,139.28,24.3146,Nashville,20197.0526,0.014479433535529402,0.20738171560163182,0.21872374468417813,0.10791052697822957,0.07526307263899293,0.07404315800227196,0.12523978177975437
4705650,2982.0403,4523.6984,233.5676,478.0815,1374.6942,18861.9962,778.9289,105.2449,212.9807,1339.3526,2053.9904,571.6065,5778.3471,4558.5277,15.7546,0.0,0.0,4,24,28,251,704.85,15.7995,Nashville,19640.9251,0.014080741145456105,0.06998775288069904,0.15182016451126779,0.232081513232122,0.2303083010941733,0.024339849458035048,0.03965644385844848
4705644,2045.6682,4603.395,44.019,356.47,972.0556,18934.1845,564.7427,47.8745,170.3437,568.6289,1099.326,409.3452,5813.6491,5283.6643,26.8273,0.0,0.0,16,56,72,636,272.67,15.7033,Nashville,19498.9272,0.013978941680160124,0.0498491912318524,0.10490645318922012,0.27095815516685623,0.2360724197985724,0.018280581068015476,0.02896127222464708
4705641,2930.985,3381.006,224.7582,589.5646,1370.4496,16132.8448,1713.0201,201.6649,376.8148,1442.1271,1951.4451,559.4554,5873.0553,3412.2639,32.4596,0.0,0.0,21,83,104,1520,171.6,17.4607,Nashville,17845.8649,0.012793847687636714,0.07678937492265098,0.16422968495716017,0.19119682471513524,0.18944537424049193,0.033034631197325866,0.09598437090202884
4705637,2210.8648,3237.7778,639.6232,922.5701,4150.1499,14939.4279,5940.0166,1815.2812,2058.3558,4231.2784,2162.7038,826.5697,1969.3542,626.6476,45.9468,0.0,0.0,35,151,186,701,116.57,22.2744,Nashville,20879.4445,0.0149686459150245,0.1987577371736507,0.10588207545102786,0.03001121934928157,0.15506268556687094,0.044183451171262184,0.2844774975935019
4706571,2585.4996,4710.4625,266.0434,683.3126,1477.6445,18162.9917,1637.6049,516.3653,224.8209,2077.8762,2021.8076,902.918,5331.6991,3959.444,16.2499,0.0,0.0,2,7,9,177,2202.2,16.4341,Nashville,19800.596599999997,0.014195210960312567,0.07462249281454407,0.13057025916788956,0.1999557954836834,0.2378829644474224,0.034507954777747575,0.08270064950217197
4705596,2670.8118,4537.9088,94.4752,477.3111,907.0226,17782.4389,366.6327,82.4486,194.5081,805.6635,1007.519,648.2774,5920.4975,4778.1317,15.2009,0.0,0.0,20,35,55,485,331.36,14.1566,Nashville,18149.0716,0.01301121907083434,0.04997349982905853,0.14715158479044238,0.2632569063804685,0.2500215371051209,0.026298028488218196,0.020200069073005752
4705594,1863.4149,4872.7289,161.102,623.1113,1041.5986,19089.339,952.0685,265.5508,268.8523,1344.3952,2419.2504,744.3679,4881.2732,4459.9885,9.2579,0.014,4.7092,4,6,10,248,2009.74,16.114,Nashville,20041.4075,0.014367850280030984,0.05196973467384095,0.09297360608998693,0.22252758307603515,0.24312093744227084,0.031089643297592867,0.04750270145939303
4705625,2000.6731,2109.5689,53.8196,262.552,1296.2023,18174.566,1181.9704,75.2679,370.32,698.3887,661.3051,191.146,3577.0948,3655.9043,38.3142,0.0,0.0,118,222,341,13488,57.58,21.3927,Nashville,19356.536399999997,0.013876860541614649,0.06696111908124838,0.10335370465840892,0.1888620651127899,0.10897920357261993,0.013563296205399363,0.061059960088722866
4706569,3721.0495,2529.8191,508.2515,1633.873,4298.9985,19189.4809,3552.2658,554.1996,880.0014,3176.1787,2390.0427,1163.5441,4443.2578,2605.4372,109.2781,0.0,0.0,5,29,34,736,668.87,21.3448,Nashville,22741.7467,0.016303745717060475,0.18902723390046813,0.16361478009162367,0.11456123723173683,0.11123630462805974,0.07184149837099492,0.15619335020778297
4706561,4002.3961,2734.7518,596.6587,1374.772,3644.3758,15269.3786,4909.0407,1139.9281,1494.3955,4926.227,2561.3063,1150.2174,1963.2102,864.6862,85.9948,0.0,0.0,9,25,34,624,595.07,21.7941,Nashville,20178.4193,0.0144660751691261,0.180598645868863,0.19834049932249537,0.04284990500197396,0.13552182842050364,0.0681274311991723,0.24326967129326657
4705633,3390.8923,3616.6328,358.3947,1232.2326,2573.727,17571.3671,2176.1646,317.1578,466.4171,2924.8766,2609.1415,1129.4452,4314.8387,2117.4842,7.6119,0.0,0.0,1,3,4,129,4943.68,18.4971,Nashville,19747.5317,0.0141571682959775,0.1303249800591504,0.17170351454533705,0.10722236124521602,0.18313426309055675,0.062396162849919626,0.11019374164409398
4705655,3390.914,2914.3068,590.0555,747.976,2312.1454,16676.0554,1876.9596,755.9807,685.5533,2779.7396,1582.0657,458.3712,5143.5468,3559.9493,52.6176,0.0,0.0,12,44,57,410,339.12,19.6675,Nashville,18553.015,0.013300809424845485,0.12461698451790623,0.1827590416413914,0.19186948485273944,0.1570714909953452,0.04031343081268394,0.1011619102388351
4705602,3086.7145,2347.136,739.9065,1051.1172,3361.6288,14499.025,5240.9802,1419.9548,1612.3334,2907.275,1698.2628,525.326,1771.9031,713.4382,90.822,0.0,0.0,0,7,7,376,2821.06,22.3511,Nashville,19740.0052,0.014151772486070803,0.17028660728988612,0.15636055351426584,0.0361399124701107,0.11889647848327399,0.05324537374621632,0.2654869975921996
4705652,3395.6535,3384.1912,399.2102,1060.2578,1352.4814,17546.8485,1166.4122,106.8415,181.6488,2058.3087,2415.0603,1150.942,5385.6559,3474.6105,11.903,0.0,0.0,6,14,20,284,940.53,16.8222,Nashville,18713.2607,0.013415690888416284,0.07227009507247059,0.18144737611782868,0.18566645809310545,0.18083488598617206,0.05665507267407043,0.06232745277509146
4706568,2730.5923,3574.0552,323.0628,1039.157,2690.4483,20039.4846,1497.5306,113.1955,504.0243,2169.7643,2262.8792,534.7085,6096.6865,4153.988,76.258,0.0,0.0,5,22,27,527,798.58,19.5717,Nashville,21537.0152,0.01544006377158648,0.124916259693233,0.1267801268893152,0.1928677253417483,0.16594171592933035,0.048247574827600635,0.06952964728151924
4706565,2593.5629,4202.4977,480.2803,1456.934,3577.0703,20197.6936,3369.3042,663.3003,1082.7449,4614.3916,3473.4664,1604.8677,2501.5779,1446.2647,40.2555,0.0,0.0,0,2,2,99,11789.5,21.6417,Nashville,23566.997799999997,0.016895375034923048,0.15177658833623958,0.11004595816790173,0.06136561587764575,0.17831373439792159,0.06181831873728366,0.1429609858500581
4705639,2871.795,2530.4997,655.8083,837.3688,4387.285,13396.0727,4037.9987,971.8994,855.9583,2128.8995,2544.1842,680.829,2540.7685,1293.0335,34.6059,0.0,0.0,0,3,3,133,5868.52,21.158,Nashville,17434.0714,0.012498629532210757,0.25163561991492617,0.16471369311398404,0.07416278777040167,0.14513847646187442,0.048027838876530206,0.23160207419626627
4705636,3278.08,3164.6665,979.6136,1366.2006,2915.9001,16647.2564,4165.6531,526.8744,1319.6452,4298.4117,2117.6939,1145.9894,2734.8211,1885.3783,28.5785,0.0,0.0,1,0,1,96,20827.91,19.7907,Nashville,20812.909499999998,0.014920946424937194,0.1400938204329177,0.15749467921920196,0.0905826125553203,0.15204575094361777,0.0656388267663026,0.20013794621332437
4752006,112514.0,108871.0,14856.0,36275.0,94553.0,597428.0,87437.0,17571.0,26784.0,96038.0,80205.0,28692.0,141904.0,88626.0,49.5493,0.0004,0.1355,475,1398,1882,33660,366.7,19.6,Nashville,684865.0,0.4909853652760376,0.1380605841142647,0.16428615232760863,0.1294063364220154,0.15896686359083384,0.05296656572234568,0.1276702303808336
1202614,9407.4788,5634.6773,1385.9513,3714.9637,9045.1185,37574.9754,8664.9464,1409.1651,1923.1905,9434.6397,5660.6978,4179.1948,7142.2557,3360.4671,55.8972,0.0125,28.9411,17,63,80,934,583.42,16.926,Orlando,46239.921800000004,0.07330515612695924,0.1956085248283264,0.20344488028783198,0.07267301275987971,0.12185477885520872,0.08033930889327555,0.18738697376054472
1202610,8850.6215,6928.6435,1659.9675,3593.906,8527.4701,41876.7062,9390.7058,1189.3211,2322.4144,10189.1035,5963.7093,4375.8175,8476.607,3849.2483,44.1107,0.0146,16.6601,28,89,117,887,440.59,18.499,Orlando,51267.412,0.08127534594760373,0.1663299050495264,0.172633033767459,0.07508031065990498,0.13514449208998322,0.07009981116637667,0.18316747942183192
1202612,9285.4215,4932.9068,1041.2841,3674.7093,9861.2565,35124.9791,7798.6379,1471.8929,2421.5706,9124.2967,4967.3545,2504.8429,5658.0164,2719.7473,74.2757,0.0025,7.3299,99,288,387,1834,111.82,19.8012,Orlando,42923.617,0.06804774582726049,0.22973429209630455,0.2163192626739104,0.06336101496257963,0.1149202286417605,0.08560843536472323,0.1816821778514646
1202617,11363.6092,7005.4337,1282.7956,2487.5428,7718.2885,43568.6509,6421.1912,908.1088,1342.0409,6844.2276,5959.6388,4647.5695,11845.5513,7319.4683,47.1915,0.0,0.0,71,209,281,6776,180.67,16.7985,Orlando,49989.8421,0.07924998653225533,0.1543940485051361,0.2273138183443403,0.1464161832953,0.1401343407255786,0.049759969936573646,0.12844735015976055
1202615,10994.4461,13451.3012,1738.2457,3537.8528,5103.6966,64454.0387,6380.6292,1174.3404,1218.6632,9707.8481,8257.4017,5576.3875,13656.5301,9280.5462,13.9147,0.0841,37.1583,42,156,199,2647,358.45,15.3968,Orlando,70834.6679,0.11229574332045708,0.07204981263401061,0.1552105941249973,0.131015157690071,0.18989446417007666,0.049944511075895426,0.09007650226447572
1202619,8220.0845,8089.0706,815.4574,2815.3585,5600.8576,47468.9882,4855.3093,1021.3133,1057.1592,6372.9801,5203.8289,3435.2599,10998.5624,9580.4831,32.4972,0.0186,21.4808,76,231,308,6177,170.81,16.7587,Orlando,52324.2975,0.08295084957239186,0.1070391926581975,0.15709580055421568,0.18309467041252847,0.15459196576952094,0.053804921032699335,0.0927908589530714
1253000,58550.0,46035.0,7701.0,20171.0,46434.0,273249.0,43958.0,7354.0,10322.0,51119.0,36144.0,24634.0,59228.0,36721.0,42.616,0.0262,19.5719,529,1750,2285,32901,139.94,17.3,Orlando,317207.0,0.5028751726730722,0.1463834455625331,0.1845792035509823,0.11576315855842223,0.14512559582356058,0.06358919068875943,0.13857784166855816
4201618,24722.2555,17474.6831,3513.8375,13137.2467,28544.5654,149334.1304,6745.4053,1645.1299,6319.0932,28962.4262,22339.4806,6721.5336,24672.8685,20118.8525,160.9524,0.0,0.0,72,164,237,2525,664.04,18.3001,Philadelphia,156079.5357,0.049783802317057084,0.18288356887027266,0.15839422506543843,0.12890045776540732,0.11195939981643718,0.0841696669035715,0.04321746635317321
4204146,21097.3538,21190.4359,4110.5717,13093.9547,32789.2617,143125.2267,14090.7114,8190.6011,9841.429,40447.1479,17497.4707,8030.8801,13932.9926,10053.3202,143.375,0.0,0.0,26,47,73,1915,2182.83,19.362,Philadelphia,157215.9381,0.05014627413106203,0.20856061755345942,0.1341926261569904,0.06394552852572061,0.1347846876811806,0.08328590327634679,0.08962591162434043
4200697,22276.4349,30490.0726,2930.4168,7987.1962,20303.2601,149091.7015,10225.1037,5162.9582,6342.8092,39556.8885,17618.9083,10347.8945,23194.8097,14067.4137,66.3664,0.0,0.0,55,166,222,3856,724.48,16.4547,Philadelphia,159316.8052,0.05081637576822886,0.12743873840411152,0.13982388768182705,0.08829781255359648,0.19137893948340684,0.05013373232184095,0.06418054584146379
4201615,27977.9327,14032.2941,2932.5266,12410.8508,41143.1374,148260.0226,8580.3348,3427.23,7117.7255,25504.3901,15576.9101,5333.7948,24873.8213,25417.0965,158.3953,0.0,0.0,141,300,443,6762,355.7,20.6327,Philadelphia,156840.3574,0.05002647729005373,0.26232326780410786,0.17838364296125378,0.16205608597978124,0.08946807355290078,0.07912996294942803,0.0547070934748235
4201605,24856.3544,15889.9454,4227.0688,16659.5174,51573.7583,143548.9212,17138.1113,10942.6731,12681.85,39138.3256,15393.0216,6015.4157,11243.7463,6192.3974,256.3547,0.0,0.0,149,248,397,2693,406.15,22.0369,Philadelphia,160687.0325,0.051253429381482495,0.3209558141798768,0.15468702935297934,0.0385367678205905,0.09888692488658109,0.1036761552233207,0.10665455935556371
4204156,24228.8658,22418.7716,3072.3333,7322.8829,21239.2175,140198.3155,11243.8269,6089.5281,5625.8611,20656.4422,12168.8379,5502.1463,37863.6997,30207.5991,113.31,0.0,0.0,164,332,498,10736,307.09,16.5755,Philadelphia,151442.1424,0.04830463933596395,0.14024548859334812,0.15998654951311944,0.19946495180490917,0.1480342473400763,0.0483540078735186,0.07424454301339167
4204155,25461.7441,19516.5751,3102.9075,10358.5708,25468.5756,140796.5149,8869.8799,4348.3537,5566.4763,25812.215,15791.2695,6541.3753,28403.7664,24903.2851,148.525,0.0,0.0,118,303,421,3482,356.32,17.4928,Philadelphia,149666.3948,0.04773823921767228,0.17016782869798439,0.17012218415389962,0.16639085041386717,0.13039964466596032,0.06921060404533746,0.05926394263662295
4201613,29402.6428,10448.9758,2348.6316,13742.5213,38562.2557,138969.4017,9626.8778,2556.4863,6313.3189,28616.2772,16853.9024,5637.1634,18241.1788,13296.6889,210.6764,0.0,0.0,227,361,590,16796,254.66,21.583,Philadelphia,148596.27949999998,0.04739691062316608,0.259508490530609,0.197867975099773,0.08948137506110938,0.07031740981502964,0.09248164802371098,0.06478502050907332
4201607,28002.9755,15613.4981,4401.4581,15466.1683,38401.8833,153078.7298,8562.5322,4300.4423,9601.2316,35724.2209,19012.4961,8164.1909,16884.6304,18154.8171,220.9813,0.0,0.0,40,125,165,2020,989.39,19.2663,Philadelphia,161641.262,0.05155779454107916,0.2375732857536973,0.1732404332475872,0.11231479240249682,0.09659292011144958,0.09568146417055214,0.05297211319648571
4201606,24099.6943,18429.511,5136.0024,17826.9383,29937.4254,149768.2972,16301.8993,7268.5972,9821.2052,38731.3744,22766.8548,9920.999,13790.5062,9980.148,218.6538,0.0,0.0,120,177,297,3607,561.8,19.2304,Philadelphia,166070.1965,0.052970466603654974,0.18026861991085855,0.14511664158450258,0.060095598817462605,0.1109735546464856,0.10734515482340132,0.09816211145320435
4260000,252132.0,185505.0,35776.0,128006.0,327969.0,1456206.0,111385.0,53932.0,79231.0,323153.0,175021.0,72216.0,213115.0,172402.0,169.1934,0.0,0.0,1089,2266,3367,54909,469.17,18.9,Philadelphia,1567591.0,0.5000055907905794,0.20921834252790267,0.16084032069569124,0.10997887205344248,0.1183375521181532,0.08165772726576813,0.07105484080041236
4802006,18664.0288,22495.8372,2954.5277,9630.0609,18519.8805,122045.2129,20850.9409,5338.5497,5062.067,25555.7969,22062.2829,10604.89,17194.6675,8196.2235,29.4918,0.0018,0.0555,18,43,61,1894,2382.99,17.0535,San Antonio,142896.1538,0.04918716017293723,0.12960286477028488,0.13061162034145427,0.0573575000064137,0.15742676884583268,0.06739155150338622,0.1459157187216139
4801992,26447.1966,22338.1855,3593.4442,7281.6435,24763.4066,131778.1982,22284.0065,3385.1015,3382.5216,15320.1345,20207.4574,8288.9123,27749.142,21362.1747,15.138,0.0018,0.4728,195,328,524,14383,296.98,16.8105,San Antonio,154062.2047,0.05303069493235543,0.16073537252597472,0.17166458825453731,0.1386585118854145,0.14499364428708394,0.04726400125311687,0.14464197693013456
4801997,21553.5795,29170.289,2442.596,7154.1114,12077.4118,136281.4996,16282.1819,1898.1524,2897.0905,14090.891,19995.3194,9637.6232,33966.0852,23356.1069,11.8139,0.0,0.0,81,244,325,5721,475.65,14.4708,San Antonio,152563.6815,0.05251487908496443,0.07916256686184607,0.14127502701206765,0.15308986765721394,0.1911994880676233,0.04689231694820534,0.10672314024396268
4803463,19851.6931,26798.3735,3226.007,8350.0884,13865.104,129458.2685,17110.1022,3584.6849,4000.218,21050.0927,24411.3744,9576.8421,24702.049,15411.0147,27.9474,0.0,0.0,28,117,145,2439,1022.76,16.1849,San Antonio,146568.3707,0.050451196440161564,0.09459755427605175,0.13544230288490963,0.10514485138606111,0.18283747396890476,0.05697021390022247,0.11673722905600223
4802010,20739.9017,18517.3791,3201.0632,10768.6101,33809.9405,112855.8786,30263.6583,8436.3551,8969.534,30561.846,19257.3546,8526.5538,12661.4203,6047.9516,112.8344,0.0069,9.524,41,105,149,5483,1004.4,19.2748,San Antonio,143119.5369,0.049264052237750995,0.23623402505556138,0.14491212895946032,0.0422577481261531,0.12938310253082902,0.07524154347970448,0.21145573483381752
4802002,18334.2545,18313.5077,3943.8266,11203.3251,28969.8979,112613.5293,30614.7955,10347.5662,11508.8929,34020.3772,20083.1931,6217.9396,8016.8023,3355.4936,152.5384,0.0056,0.3526,20,23,43,1143,3368.31,17.936,San Antonio,143228.3248,0.04930149878700988,0.2022623365742488,0.1280062900917899,0.023427420360219418,0.12786143986625845,0.07821949252112931,0.21374669986575262
4801999,16745.2575,20353.7419,4631.4582,9732.9873,25701.429,116062.2685,28721.4366,9334.9066,10769.2089,30342.3918,19341.418,7083.0788,8697.9038,4105.1567,74.9889,0.0499,11.5312,10,19,29,1144,5073.45,18.4611,San Antonio,144783.70510000002,0.04983688576497578,0.17751480712170886,0.11565626002024434,0.028353524615494754,0.1405793649677434,0.06722386382786505,0.1983734164472874
4802008,15751.2105,13844.0306,3862.9812,11789.6655,40538.3096,100892.1943,34447.7415,15050.7301,14397.4082,31158.6791,16735.0882,4427.5721,4776.6325,2844.2431,210.6487,0.0,0.0,48,87,135,1595,1036.17,19.0683,San Antonio,135339.9358,0.046586188102073614,0.29952733339974436,0.11638171708282218,0.021015394072663122,0.102290046379301,0.08711086139837373,0.2545256636240873
4801995,20848.8919,23142.7615,3924.958,9362.2001,23111.3149,128848.2172,24532.7639,6356.1946,6498.3671,25690.2464,24016.1489,9218.1363,19935.3999,13213.2152,67.6317,0.6807,17.3715,66,128,194,2546,798.35,16.29,San Antonio,153380.9811,0.05279620678529388,0.1506781613736765,0.13592790854883538,0.08614581129569202,0.1508831828486534,0.06103846118597304,0.15994554069558828
4802012,23344.3728,18836.4866,3581.4917,7388.799,27308.8829,103820.5947,31414.0443,8651.6442,9319.9403,24888.4756,20104.8908,6036.034,14993.1267,11561.0341,154.1558,0.0,0.0,130,294,424,6861,323.04,17.0729,San Antonio,135234.639,0.046549943245724666,0.20193554821743404,0.1726199763066894,0.08548807241558566,0.13928640955362367,0.05463647788879084,0.23229116623614285
4865000,202764.0,212940.0,35382.0,92929.0,249021.0,1197464.0,256510.0,72579.0,76744.0,253411.0,207684.0,79651.0,173016.0,108668.0,83.7377,0.0762,3.9626,690,1592,2288,45181,646.78,17.2,San Antonio,1453974.0,0.5004812944467525,0.17126910710294194,0.13945494248525594,0.07473856152959989,0.14645368730549013,0.06391375367526952,0.1764198146460565
604126,11784.7496,10943.9566,734.2637,1155.0554,4627.6799,69773.0178,1503.6521,1357.8364,808.2454,2504.0509,4750.5665,1887.5067,27230.3957,20061.4608,66.0969,0.0,0.0,234,635,870,6067,82.32,14.054,San Francisco,71276.66990000001,0.04313384114237996,0.06492467986807744,0.1653357863203662,0.28145505918116437,0.15353976379073522,0.016205010652291255,0.02109569662012759
601289,9831.0754,12853.1818,1251.1579,2316.9002,5324.1231,69904.9885,1771.9343,2777.2175,1560.1885,3884.6032,6359.5677,3369.9897,22384.1951,15196.9437,111.4673,0.0,0.0,103,313,416,3083,172.97,13.8616,San Francisco,71676.9228,0.043376058477022535,0.07427842342551813,0.13715625419881727,0.2120170773140764,0.17931855860086393,0.0323237631545874,0.0247207819476599
601290,8538.8047,14232.0,1277.0,3043.0,6004.6917,73158.3158,1794.9925,3807.406,2809.3008,7994.1117,7344.1053,4027.5089,21137.8823,11947.2188,136.2558,0.0,0.0,66,221,287,2171,261.95,13.0211,San Francisco,74953.30829999999,0.045358798297450036,0.08011136165737923,0.11392013205997395,0.15939335671249202,0.1898756765660127,0.0405980665957263,0.023947822889855155
601287,10446.7001,14240.4398,958.5234,2609.9725,6641.5496,74599.3455,1471.5604,2281.4926,1600.3727,4675.4549,6616.5569,3565.0184,21877.0524,18074.5796,109.4642,0.0,0.0,129,211,340,7347,226.48,13.3103,San Francisco,76070.9059,0.04603512446991486,0.08730620748125624,0.13732665136236583,0.23759861654787331,0.1871970950579273,0.034309282370694485,0.01934433458173683
604243,8946.5796,9896.9736,1348.3965,4619.4271,10409.4941,70121.2293,2585.1519,5945.0494,3633.2423,9970.6208,8389.5452,3519.7973,13205.6657,9232.0855,140.3396,0.0,0.0,209,448,658,4013,110.81,16.176,San Francisco,72706.3812,0.04399904626742558,0.14316970200544094,0.12304912448146323,0.12697590461420716,0.1361206171458146,0.06353449985075242,0.03555556337380502
604125,14157.8335,10234.6859,683.5452,1718.9673,10626.3226,68536.4399,2563.4997,3235.6931,1744.9229,5842.3676,6233.2898,2401.6917,20236.8449,19239.5525,63.5974,0.0,0.0,426,724,1154,8304,61.85,15.0442,San Francisco,71099.9396,0.04302689090612537,0.14945403900119486,0.19912301552763167,0.27059491208186515,0.14394586003473855,0.024176435778072335,0.036054371635898884
601291,16222.8927,10442.4226,1196.1224,1952.1566,10355.0642,69431.7122,2364.3757,6619.9938,2973.9635,6703.0606,6857.6761,2277.8093,20990.1749,14529.4489,135.4161,0.0,0.0,204,427,631,4655,114.13,15.2037,San Francisco,71796.0879,0.043448172515182945,0.14422679948276845,0.22595474516453196,0.20236822028543583,0.14544353963971846,0.027189913366945904,0.032931359323279744
601284,11615.5455,13835.4405,677.2912,1625.6469,4925.8592,79602.1014,1460.1572,891.0533,649.5816,3718.4027,6110.0064,2406.2055,26817.9618,26726.8415,72.535,0.0,0.0,205,380,587,2554,138.21,13.5163,San Francisco,81062.2586,0.04905569508228278,0.060765620394144876,0.14328989113694474,0.32970351749466925,0.17067461558965755,0.020054053193464885,0.018012564819347147
602377,8599.7958,11805.7385,1809.0911,3831.9865,8008.1591,76999.44,3897.764,7301.9541,4253.4253,12262.2485,10957.5512,5198.8011,16192.2197,5762.4306,167.8611,0.0,0.0,30,50,80,562,1017.38,13.9752,San Francisco,80897.204,0.048955810521090354,0.09899056720715332,0.10630391497937333,0.07123063696197755,0.14593325829582077,0.04736800460984276,0.0481810943540848
601269,10049.8462,11312.2871,1801.5877,2985.1592,7946.7601,75448.4965,3693.2649,6371.7693,3113.2146,8075.1915,7146.6877,3351.8155,20441.9561,13599.5674,125.9578,0.0,0.0,163,449,612,2673,129.77,15.151,San Francisco,79141.76139999999,0.04789348560679232,0.10041044764455238,0.12698376986375914,0.17183589704768631,0.14293520847504826,0.03771866368059278,0.04666585843945547
601281,15237.6475,7829.0965,1241.5471,1961.9757,16148.9325,71367.2154,4054.9177,5370.0912,3803.605,8914.41,8720.6276,3409.521,20868.7693,13529.9399,134.2188,0.0,0.0,277,504,783,4087,97.05,16.4236,San Francisco,75422.1331,0.04564251265272477,0.21411113323267658,0.20202883218597026,0.17938713686239055,0.10380232401138477,0.026012916983953825,0.05376225480614514
667000,125495.0,127646.0,12986.0,27869.0,91125.0,799166.0,27184.0,45970.0,26967.0,74592.0,79514.0,35419.0,231394.0,167902.0,115.3544,0.0,0.0,2110,4455,6578,47502,126.21,14.5,San Francisco,826350.0,0.5000745640616086,0.11027396348525022,0.15186645868402168,0.2031848451808009,0.15446946878505624,0.033725378198852546,0.03289643262971788
1204213,14944.7846,18259.5366,1525.9125,3336.0749,6590.5439,94364.7203,5554.1728,944.1404,1167.7439,9653.8198,8748.2533,5304.8785,24146.2294,21451.2234,39.8745,0.0,0.0,43,143,186,5350,550.82,14.9862,Tampa,99918.8931,0.12621981704019083,0.06595827613030142,0.14956766001584124,0.2146842108661143,0.1827417547547396,0.033387494686981406,0.055586256426849605
1202228,19481.4938,8421.0856,2686.7883,7835.1404,23894.2213,80672.6648,12955.6522,3665.3476,6075.2983,20770.7621,10515.2031,5371.5024,12506.8977,5899.3316,147.4073,0.0001,0.0164,76,197,273,2164,346.72,20.4149,Tampa,93628.317,0.11827341831833191,0.2552002093532307,0.20807044656749982,0.0630073121221209,0.08994069240086415,0.08368255425808564,0.13837174738762648
1204211,15595.2282,15006.9835,2929.9207,4510.4903,12133.5765,84664.4185,13047.1536,4209.2218,4395.5326,16915.1197,11111.329,5827.8159,19697.9806,12468.1984,93.1093,0.0,0.0,73,326,399,5998,246.91,15.8782,Tampa,97711.5721,0.12343147897793731,0.12417620618544743,0.15960308755397096,0.12760075937045157,0.15358293387919117,0.046160797971666535,0.13352584339553988
1202232,15022.1578,15940.9267,2217.2718,4538.1121,16600.2379,93514.1632,9943.088,2940.3064,3660.8458,14223.9172,8925.686,5900.6776,16969.086,12748.2912,51.2961,0.0,0.0,53,117,170,3987,610.62,18.1325,Tampa,103457.2512,0.1306895514232339,0.16045349411434862,0.14520019066396128,0.12322159955473905,0.15408076702537574,0.043864187219124384,0.09610724987781351
1271000,65805.0,57951.0,9390.0,20467.0,59428.0,354669.0,42241.0,11842.0,15307.0,61598.0,39724.0,22481.0,74253.0,52966.0,82.5751,0.0,0.0041,420,1352,1773,32427,226.52,17.4,Tampa,396910.0,0.501385734240306,0.1497262610509661,0.16579283516959722,0.13344553312959329,0.14600502379626668,0.05156571624369191,0.10642436213659989
